region,order,p,d,q,validation_MAE,validation_RMSE,validation_sMAPE,validation_folds
Алтайский край,"(0, 1, 1)",0,1,1,13854.626278874479,14414.396603388888,14.803075791517793,4
Амурская область,"(0, 1, 0)",0,1,0,60224.789375,61950.74983647428,31.888969980952673,4
Астраханская область,"(2, 1, 0)",2,1,0,8663.226419084704,9357.832952181256,7.267361339983924,4
Белгородская область,"(0, 1, 0)",0,1,0,16242.827625000002,16610.11698171973,11.344033207049659,4
Брянская область,"(0, 1, 0)",0,1,0,7617.019750000003,7686.267760102881,11.716616482498754,4
Владимирская область,"(0, 1, 0)",0,1,0,7473.47875,7621.883604606881,9.232428424159291,4
Волгоградская область,"(0, 1, 0)",0,1,0,4983.400375000001,6134.821941971997,2.6487007065881647,4
Вологодская область,"(1, 1, 1)",1,1,1,23295.4532434171,24508.57003812303,18.106927554547973,4
Воронежская область,"(1, 0, 0)",1,0,0,20367.659019641298,20836.6944823883,7.343922825484057,4
Еврейская автономная область,"(0, 1, 0)",0,1,0,1778.8935000000004,1844.754895151916,13.115214727803854,4
Забайкальский край,"(1, 1, 1)",1,1,1,9118.404323136667,9426.806288381758,8.620638699786108,4
Ивановская область,"(0, 1, 1)",0,1,1,7396.9100391552365,7423.207206145731,23.698466745799706,4
Иркутская область,"(1, 1, 0)",1,1,0,16071.614569295554,17944.774075934984,5.409348437873975,4
Кабардино-Балкарская Республика,"(0, 1, 1)",0,1,1,6109.489291929866,6300.2396306464925,17.86862373273845,4
Калининградская область,"(0, 1, 0)",0,1,0,34725.180374999996,35970.87107836518,30.28059652067532,4
Калужская область,"(0, 1, 1)",0,1,1,9458.156903375548,9659.016190360107,9.85614967505578,4
Камчатский край,"(0, 1, 0)",0,1,0,6918.476874999999,7323.036858895097,16.829797778555495,4
Карачаево-Черкесская Республика,"(0, 1, 2)",0,1,2,754.8152899095935,790.9285608019181,3.4180838212119835,4
Кемеровская область,"(1, 0, 0)",1,0,0,44694.1649870534,45325.10033809283,21.007638929167754,4
Кировская область,"(0, 1, 0)",0,1,0,5958.006500000003,6015.159522516229,9.260907669050729,4
Костромская область,"(1, 1, 0)",1,1,0,2747.4775669926053,2794.6409960058245,11.04748384406207,4
Краснодарский край,"(1, 0, 0)",1,0,0,88934.12608016146,91533.20661353125,16.40162398611608,4
Красноярский край,"(0, 1, 1)",0,1,1,25368.10221993964,25992.651474065446,5.974116581540421,4
Курганская область,"(1, 1, 0)",1,1,0,5607.202108350817,5740.503631089638,17.594141877674932,4
Курская область,"(1, 1, 1)",1,1,1,11321.915997073631,11976.494687773287,9.044790293970086,4
Ленинградская область,"(0, 1, 0)",0,1,0,85156.41537499998,91255.59957580011,25.683232435378702,4
Липецкая область,"(1, 1, 1)",1,1,1,11832.120877401214,12212.317999155892,8.376403802903491,4
Магаданская область,"(1, 1, 0)",1,1,0,8085.402800144942,9056.440886795026,16.374120012665212,4
Москва,"(0, 1, 2)",0,1,2,265884.7299375272,278472.71756157355,10.426938069719165,4
Московская область,"(0, 1, 1)",0,1,1,64966.39865108581,74322.42996501744,8.635834608119781,4
Мурманская область,"(1, 1, 0)",1,1,0,21905.149920049273,23257.177581229378,17.20908649463461,4
Ненецкий автономный округ,"(1, 1, 0)",1,1,0,11552.788205639858,13355.285074734984,12.216224921567647,4
Нижегородская область,"(1, 1, 1)",1,1,1,31747.203406904257,32380.497660050394,10.848063102680655,4
Новгородская область,"(0, 1, 2)",0,1,2,8608.902393911729,9089.758523851477,12.121562522150187,4
Новосибирская область,"(0, 1, 2)",0,1,2,23907.661232142906,24610.275614534305,12.057766673123396,4
Омская область,"(1, 1, 0)",1,1,0,16801.526181353776,17679.940301316816,12.323866091526678,4
Оренбургская область,"(1, 1, 1)",1,1,1,13635.71072756555,14101.015845097045,6.765352449205967,4
Орловская область,"(0, 1, 0)",0,1,0,3289.3915000000006,3671.0473850199733,6.592651062531801,4
Пензенская область,"(0, 1, 0)",0,1,0,8526.564624999995,9239.59093838444,10.915494281133178,4
Пермский край,"(0, 1, 0)",0,1,0,18141.638249999985,18367.843505690456,7.3696770721006315,4
Приморский край,"(1, 1, 1)",1,1,1,21094.194325701155,21961.100398625247,12.057023289275026,4
Псковская область,"(1, 1, 0)",1,1,0,2943.7753741621827,2985.5397599827406,9.277570222856859,4
Республика Адыгея,"(0, 1, 0)",0,1,0,5986.787375000002,6395.220543999834,19.622551245290683,4
Республика Алтай,"(0, 1, 0)",0,1,0,3763.5027500000006,3868.0632037097457,22.27766690432776,4
Республика Башкортостан,"(0, 1, 1)",0,1,1,55731.24086036955,56644.2838977751,17.5328689221394,4
Республика Бурятия,"(0, 1, 0)",0,1,0,11452.372875000003,11667.850556842226,21.642502235036783,4
Республика Дагестан,"(0, 1, 0)",0,1,0,20860.556624999997,21470.52153589939,9.07812661984465,4
Республика Ингушетия,"(1, 1, 0)",1,1,0,2643.390901373229,2681.646789466446,12.775352193592385,4
Республика Калмыкия,"(0, 1, 2)",0,1,2,9210.848188245074,9479.71626807244,42.694024801777545,4
Республика Карелия,"(1, 1, 1)",1,1,1,4504.557028386304,4634.631062127743,10.23210566496667,4
Республика Коми,"(1, 0, 0)",1,0,0,25277.061174377737,25419.004685641492,16.465953464258735,4
Республика Марий Эл,"(0, 1, 0)",0,1,0,5884.54825,6421.471223797594,16.97946131477039,4
Республика Мордовия,"(2, 1, 0)",2,1,0,3522.653761092568,3592.929345853569,6.8884524018137245,4
Республика Саха (Якутия),"(1, 1, 1)",1,1,1,79233.69558493077,82403.91268726533,24.92529044415339,4
Республика Северная Осетия — Алания,"(0, 1, 2)",0,1,2,2446.451257155872,2620.6411486857082,8.447750220766066,4
Республика Татарстан,"(1, 0, 0)",1,0,0,30744.446575622365,31037.745100618777,5.139290477683514,4
Республика Тыва,"(0, 1, 0)",0,1,0,3441.658375,3529.579332995366,23.213748387366568,4
Республика Хакасия,"(1, 0, 0)",1,0,0,4664.19629161944,4935.098476954368,14.979189438621018,4
Ростовская область,"(0, 1, 0)",0,1,0,32621.581249999996,32804.81907111524,11.183546844308296,4
Рязанская область,"(1, 0, 0)",1,0,0,7295.481703342848,7305.364826948091,12.490221426276984,4
Самарская область,"(0, 1, 0)",0,1,0,22739.292124999993,24378.717673810846,7.891540587395792,4
Санкт-Петербург,"(1, 1, 0)",1,1,0,73644.8227695052,83647.40336457727,10.514848819826152,4
Саратовская область,"(1, 1, 0)",1,1,0,3930.666650545223,4253.639239924143,2.5740346584316254,4
Сахалинская область,"(0, 1, 1)",0,1,1,17490.11727445563,17986.81905593901,7.7009515854025965,4
Свердловская область,"(2, 1, 1)",2,1,1,23227.298598093046,25556.708321270176,6.337803495096827,4
Смоленская область,"(0, 1, 0)",0,1,0,3617.454749999999,4110.638641822153,5.6031033325635065,4
Ставропольский край,"(1, 1, 1)",1,1,1,23519.266055988868,24064.32678464065,14.897000342770164,4
Тамбовская область,"(0, 1, 0)",0,1,0,10345.592000000002,10540.283367997112,11.013555009667058,4
Тверская область,"(1, 1, 0)",1,1,0,7591.352793698752,7742.922127416357,8.251552212065823,4
Томская область,"(1, 0, 0)",1,0,0,3668.4542346929484,3883.4586964116024,3.717217559915658,4
Тульская область,"(1, 1, 1)",1,1,1,20651.518458316812,21281.699332230914,12.705980578703508,4
Удмуртская Республика,"(0, 1, 2)",0,1,2,7401.545872122522,7709.6134133611085,7.597606744317314,4
Ульяновская область,"(0, 1, 0)",0,1,0,5595.478874999997,5723.065532509398,7.221237564272807,4
Хабаровский край,"(2, 1, 0)",2,1,0,19322.62061863685,19487.47392766971,10.607450157113842,4
Ханты-Мансийский автономный округ — Югра,"(2, 1, 1)",2,1,1,27756.77494377579,27999.161081862003,3.094950306148025,4
Челябинская область,"(0, 1, 1)",0,1,1,22294.880195571506,25264.27412796569,9.178899994337364,4
Чеченская Республика,"(1, 1, 1)",1,1,1,4147.934303825772,4486.961497759716,5.671923676158035,4
Чувашская Республика,"(0, 1, 0)",0,1,0,6398.42825,6525.82878080722,10.9658798805852,4
Чукотский автономный округ,"(0, 1, 0)",0,1,0,5460.953125,5690.162141883564,30.697994600560186,4
Ямало-Ненецкий автономный округ,"(0, 1, 0)",0,1,0,88801.99075000003,104797.88972018362,9.329893710638085,4
Ярославская область,"(0, 1, 2)",0,1,2,4453.12358209531,5129.660095606723,5.2097826646688015,4
