region,model,order,n_test,MAE,RMSE,sMAPE,R2
Алтайский край,ARIMA,"(0, 1, 1)",4,46853.061999882586,61906.62585627822,28.30318226299558,-1.2540024623131516
Амурская область,ARIMA,"(0, 1, 0)",4,290042.51399999997,361288.3720779962,50.90307630478163,-1.812850652756067
Астраханская область,ARIMA,"(2, 1, 0)",4,13550.4350180755,18522.282900191505,13.304057001156183,-0.8411651363228103
Белгородская область,ARIMA,"(0, 1, 0)",4,34364.032999999996,41911.90142146277,17.64866015109504,-1.9234569501932723
Брянская область,ARIMA,"(0, 1, 0)",4,21757.86575,25264.006419192832,24.34087788368319,-2.8714637144473123
Владимирская область,ARIMA,"(0, 1, 0)",4,57645.599,66644.0775444489,43.37350084069465,-2.971174570391904
Волгоградская область,ARIMA,"(0, 1, 0)",4,82578.20925,107410.78763956207,33.04624484311332,-1.4453753927117257
Вологодская область,ARIMA,"(1, 1, 1)",4,28132.790002860405,32572.1444449987,13.850917178542604,-0.035977597801173156
Воронежская область,ARIMA,"(1, 0, 0)",4,90607.04737291695,97761.00757434272,30.36296064420021,-7.90002534812211
Еврейская автономная область,ARIMA,"(0, 1, 0)",4,9152.35575,11524.733757127635,38.90726508015886,-1.7076249372265617
Забайкальский край,ARIMA,"(1, 1, 1)",4,76853.31330845939,90603.07202595304,36.148047131081675,-1.295331304234431
Ивановская область,ARIMA,"(0, 1, 1)",4,16374.132600211507,19087.655535270347,28.91692629914483,-2.605481198000911
Иркутская область,ARIMA,"(1, 1, 0)",4,400513.0996637084,436921.9328151,61.49311194775593,-4.742128968193917
Кабардино-Балкарская Республика,ARIMA,"(0, 1, 1)",4,14001.97881118085,17181.708393440178,22.975039908329,-1.2798684956013235
Калининградская область,ARIMA,"(0, 1, 0)",4,41560.94825,52178.02732855911,29.305941888935767,-1.0557641239017177
Калужская область,ARIMA,"(0, 1, 1)",4,25555.87758518645,26350.643050169932,20.352470134056034,-15.831449954573976
Камчатский край,ARIMA,"(0, 1, 0)",4,44955.672000000006,49602.001056950015,53.247446384189786,-4.600046776597491
Карачаево-Черкесская Республика,ARIMA,"(0, 1, 2)",4,11941.31002210529,12041.025907578236,41.360087810545394,-59.42733152430989
Кемеровская область,ARIMA,"(1, 0, 0)",4,150688.09634735156,158623.1782170937,47.21283489869226,-18.067135015599202
Кировская область,ARIMA,"(0, 1, 0)",4,36768.85025,43622.51880838054,39.76434348924796,-2.453734542306866
Костромская область,ARIMA,"(1, 1, 0)",4,15438.759869634501,15871.203553007552,42.30072359431224,-17.607124282397088
Краснодарский край,ARIMA,"(1, 0, 0)",4,331072.85792970855,393250.8415729544,46.49682939969084,-2.7499279641202206
Красноярский край,ARIMA,"(0, 1, 1)",4,335616.55831377394,383982.5239794447,46.93599439511388,-3.236356050791228
Курганская область,ARIMA,"(1, 1, 0)",4,19578.778329218912,24160.69245058985,32.861577144837916,-1.8823340072744652
Курская область,ARIMA,"(1, 1, 1)",4,60589.184439276156,62428.62897386624,31.072440598204825,-4.6520295951304975
Ленинградская область,ARIMA,"(0, 1, 0)",4,306951.716,398687.1344516402,47.76957223915721,-1.4555281231497723
Липецкая область,ARIMA,"(1, 1, 1)",4,23377.796752032533,27389.536252492813,11.26233293580972,0.4564378995210535
Магаданская область,ARIMA,"(1, 1, 0)",4,41149.93484453063,42178.64035256973,61.51147332762403,-19.17512965165905
Москва,ARIMA,"(0, 1, 2)",4,2507249.6354366476,2792627.0174197266,45.27076253974517,-4.281096722190082
Московская область,ARIMA,"(0, 1, 1)",4,440893.7991107508,505198.0793051633,32.659376984869816,-3.195176004428589
Мурманская область,ARIMA,"(1, 1, 0)",4,50485.58282289846,53954.98000162084,19.694086579514174,-5.076228248748934
Ненецкий автономный округ,ARIMA,"(1, 1, 0)",4,10571.703069791129,12705.974086404018,11.643008633402768,-0.003426075896052483
Нижегородская область,ARIMA,"(1, 1, 1)",4,142683.25755108666,181091.90961276158,25.97058901146892,-0.6703285440317905
Новгородская область,ARIMA,"(0, 1, 2)",4,18889.83003673162,23510.371901008977,30.1110807574307,-1.4363170374448027
Новосибирская область,ARIMA,"(0, 1, 2)",4,148226.1394502936,181275.93350742862,40.32504941942304,-2.0175387430755767
Омская область,ARIMA,"(1, 1, 0)",4,17887.969925059428,20372.818929527388,8.544975991662884,-1.2123326725624621
Оренбургская область,ARIMA,"(1, 1, 1)",4,51794.40075950467,65256.38537792684,19.285962866909273,-0.4542794886385422
Орловская область,ARIMA,"(0, 1, 0)",4,5804.542500000001,6407.970356618429,9.914215691620571,-4.571993473652641
Пензенская область,ARIMA,"(0, 1, 0)",4,21747.114250000006,26820.85594729616,19.64703407912823,-1.9192209033373824
Пермский край,ARIMA,"(0, 1, 0)",4,166367.88624999998,204485.83423324837,41.57704265026033,-1.9579736562878183
Приморский край,ARIMA,"(1, 1, 1)",4,109195.28054401951,129033.60122299261,34.53772037307904,-2.5440532575035357
Псковская область,ARIMA,"(1, 1, 0)",4,11491.69694383996,15093.989555757227,23.15261617964527,-1.3313987778290866
Республика Адыгея,ARIMA,"(0, 1, 0)",4,14556.351,17538.22640276612,29.078555626604896,-0.9610593535226188
Республика Алтай,ARIMA,"(0, 1, 0)",4,22577.977,27241.245842849294,73.56404080582364,-2.1334262442831786
Республика Башкортостан,ARIMA,"(0, 1, 1)",4,202899.3639907851,243959.4836387969,38.29845851531808,-2.243731058372812
Республика Бурятия,ARIMA,"(0, 1, 0)",4,61471.843499999995,72147.57671526943,58.14640485538383,-2.649019649476135
Республика Дагестан,ARIMA,"(0, 1, 0)",4,61852.053000000014,75354.35716011802,19.530220783733,-1.034006035537724
Республика Ингушетия,ARIMA,"(1, 1, 0)",4,1742.0437649794485,2046.8532364641005,8.119336757371958,-0.1913381570536703
Республика Калмыкия,ARIMA,"(0, 1, 2)",4,25244.426129263255,25928.72500719164,83.88737532117541,-50.47132920354065
Республика Карелия,ARIMA,"(1, 1, 1)",4,34828.09512790389,35722.860453165486,44.491089276766196,-12.816942219615541
Республика Коми,ARIMA,"(1, 0, 0)",4,12696.280139002127,14817.432022619681,9.403266274408159,-0.3171370433858878
Республика Марий Эл,ARIMA,"(0, 1, 0)",4,11013.168749999999,12867.30155231324,25.528779763379156,-2.7393080561685226
Республика Мордовия,ARIMA,"(2, 1, 0)",4,22049.908472510884,26328.528050865138,36.58353897277007,-2.8216455924976787
Республика Саха (Якутия),ARIMA,"(1, 1, 1)",4,439131.2474749839,464450.1397513291,98.3626120885747,-9.08527725565535
Республика Северная Осетия — Алания,ARIMA,"(0, 1, 2)",4,13325.302500503269,14388.24891275453,34.86898186880081,-5.643850936972498
Республика Татарстан,ARIMA,"(1, 0, 0)",4,462104.0647020619,548701.4970469759,51.98085243775697,-2.7461097122393876
Республика Тыва,ARIMA,"(0, 1, 0)",4,10213.179499999998,12832.49480275254,39.71882843896327,-0.6022384223724979
Республика Хакасия,ARIMA,"(1, 0, 0)",4,27617.808215575547,29096.844163135363,62.11698642951548,-13.868988412237945
Ростовская область,ARIMA,"(0, 1, 0)",4,228790.07875000002,263192.0616130158,48.40320842616042,-3.0927268363594544
Рязанская область,ARIMA,"(1, 0, 0)",4,45201.050539428805,50850.94881580406,55.027788556753855,-4.87368055798404
Самарская область,ARIMA,"(0, 1, 0)",4,174484.68225,187604.63317119755,42.87294164859476,-6.408652062459971
Санкт-Петербург,ARIMA,"(1, 1, 0)",4,426816.87984836916,489182.7331315548,41.415880560049544,-3.183250518833473
Саратовская область,ARIMA,"(1, 1, 0)",4,76973.47084763506,95931.12025279111,33.81208381191593,-1.7764024969718326
Сахалинская область,ARIMA,"(0, 1, 1)",4,62964.32145357526,76022.48478155052,22.929686782767295,-2.184406112718365
Свердловская область,ARIMA,"(2, 1, 1)",4,221632.955437452,279500.59803162655,36.903311436039495,-1.51653709717002
Смоленская область,ARIMA,"(0, 1, 0)",4,20130.092,26424.515886401943,24.590158069261996,-1.3828429504566642
Ставропольский край,ARIMA,"(1, 1, 1)",4,19751.75527966387,22916.89992414986,5.997792712925206,0.7923953976136727
Тамбовская область,ARIMA,"(0, 1, 0)",4,13011.518250000001,15236.968066948268,15.576438280253878,-2.693040988919997
Тверская область,ARIMA,"(1, 1, 0)",4,40662.64672109679,56248.18534108936,33.614733823398666,-1.106118852008625
Томская область,ARIMA,"(1, 0, 0)",4,47002.56098614454,56801.258346593466,37.4481934995001,-2.7843365962078725
Тульская область,ARIMA,"(1, 1, 1)",4,119545.19333683522,124296.51307138003,70.74859485067836,-13.138457616166251
Удмуртская Республика,ARIMA,"(0, 1, 2)",4,36278.236085388955,50178.91062925589,22.00983518552147,-0.8211879285851524
Ульяновская область,ARIMA,"(0, 1, 0)",4,34999.7755,38838.23713812408,34.192690391224154,-4.32208509939262
Хабаровский край,ARIMA,"(2, 1, 0)",4,106590.22462166887,132743.46009119984,25.99465775606659,0.21955722485085105
Ханты-Мансийский автономный округ — Югра,ARIMA,"(2, 1, 1)",4,320509.6229953022,385375.1055357979,23.867869352275356,-1.3926789376986712
Челябинская область,ARIMA,"(0, 1, 1)",4,96169.84050754283,126936.54352320144,23.480561701632865,-1.285897732747376
Чеченская Республика,ARIMA,"(1, 1, 1)",4,56356.29289704126,69169.22853334184,44.39568826588446,-1.5045807123989228
Чувашская Республика,ARIMA,"(0, 1, 0)",4,39753.57575,45053.975239641106,49.366346035532985,-3.5156794594561633
Чукотский автономный округ,ARIMA,"(0, 1, 0)",4,48873.9065,52337.95340003406,83.72820402656514,-6.813008618188994
Ямало-Ненецкий автономный округ,ARIMA,"(0, 1, 0)",4,430533.4105,466923.9292906125,34.7104493933665,-5.675598407180956
Ярославская область,ARIMA,"(0, 1, 2)",4,41291.75322497849,48382.21231080384,34.10270217216798,-2.5487183709192696
