region,year,actual,model,prediction
Алтайский край,2021,124875.816,Naive,121960.596
Алтайский край,2022,146080.995,Naive,121960.596
Алтайский край,2023,185655.0,Naive,121960.596
Алтайский край,2024,233015.0,Naive,121960.596
Алтайский край,2021,124875.816,MA3,113961.09533333335
Алтайский край,2022,146080.995,MA3,113961.09533333335
Алтайский край,2023,185655.0,MA3,113961.09533333335
Алтайский край,2024,233015.0,MA3,113961.09533333335
Алтайский край,2021,124875.816,MA5,101002.422
Алтайский край,2022,146080.995,MA5,101002.422
Алтайский край,2023,185655.0,MA5,101002.422
Алтайский край,2024,233015.0,MA5,101002.422
Амурская область,2021,412200.776,Naive,360433.739
Амурская область,2022,488038.236,Naive,360433.739
Амурская область,2023,745544.0,Naive,360433.739
Амурская область,2024,956122.0,Naive,360433.739
Амурская область,2021,412200.776,MA3,317528.22566666664
Амурская область,2022,488038.236,MA3,317528.22566666664
Амурская область,2023,745544.0,MA3,317528.22566666664
Амурская область,2024,956122.0,MA3,317528.22566666664
Амурская область,2021,412200.776,MA5,254974.02999999997
Амурская область,2022,488038.236,MA5,254974.02999999997
Амурская область,2023,745544.0,MA5,254974.02999999997
Амурская область,2024,956122.0,MA5,254974.02999999997
Архангельская область (без автономного округа),2021,105812.87,Naive,108148.246
Архангельская область (без автономного округа),2022,108904.893,Naive,108148.246
Архангельская область (без автономного округа),2023,119660.0,Naive,108148.246
Архангельская область (без автономного округа),2024,110806.0,Naive,108148.246
Архангельская область (без автономного округа),2021,105812.87,MA3,103862.205
Архангельская область (без автономного округа),2022,108904.893,MA3,103862.205
Архангельская область (без автономного округа),2023,119660.0,MA3,103862.205
Архангельская область (без автономного округа),2024,110806.0,MA3,103862.205
Архангельская область (без автономного округа),2021,105812.87,MA5,100846.24019999999
Архангельская область (без автономного округа),2022,108904.893,MA5,100846.24019999999
Архангельская область (без автономного округа),2023,119660.0,MA5,100846.24019999999
Архангельская область (без автономного округа),2024,110806.0,MA5,100846.24019999999
Астраханская область,2021,115484.02,Naive,115116.11
Астраханская область,2022,87352.369,Naive,115116.11
Астраханская область,2023,89373.0,Naive,115116.11
Астраханская область,2024,115767.0,Naive,115116.11
Астраханская область,2021,115484.02,MA3,109891.947
Астраханская область,2022,87352.369,MA3,109891.947
Астраханская область,2023,89373.0,MA3,109891.947
Астраханская область,2024,115767.0,MA3,109891.947
Астраханская область,2021,115484.02,MA5,118867.0196
Астраханская область,2022,87352.369,MA5,118867.0196
Астраханская область,2023,89373.0,MA5,118867.0196
Астраханская область,2024,115767.0,MA5,118867.0196
Белгородская область,2021,168772.373,Naive,169508.059
Белгородская область,2022,196747.623,Naive,169508.059
Белгородская область,2023,212189.0,Naive,169508.059
Белгородская область,2024,236308.0,Naive,169508.059
Белгородская область,2021,168772.373,MA3,157050.80766666666
Белгородская область,2022,196747.623,MA3,157050.80766666666
Белгородская область,2023,212189.0,MA3,157050.80766666666
Белгородская область,2024,236308.0,MA3,157050.80766666666
Белгородская область,2021,168772.373,MA5,151527.38660000003
Белгородская область,2022,196747.623,MA5,151527.38660000003
Белгородская область,2023,212189.0,MA5,151527.38660000003
Белгородская область,2024,236308.0,MA5,151527.38660000003
Брянская область,2021,83717.869,Naive,75241.557
Брянская область,2022,90963.822,Naive,75241.557
Брянская область,2023,95255.0,Naive,75241.557
Брянская область,2024,118061.0,Naive,75241.557
Брянская область,2021,83717.869,MA3,65904.298
Брянская область,2022,90963.822,MA3,65904.298
Брянская область,2023,95255.0,MA3,65904.298
Брянская область,2024,118061.0,MA3,65904.298
Брянская область,2021,83717.869,MA5,64205.672600000005
Брянская область,2022,90963.822,MA5,64205.672600000005
Брянская область,2023,95255.0,MA5,64205.672600000005
Брянская область,2024,118061.0,MA5,64205.672600000005
Владимирская область,2021,102361.057,Naive,95285.935
Владимирская область,2022,184392.079,Naive,95285.935
Владимирская область,2023,181773.0,Naive,95285.935
Владимирская область,2024,143200.0,Naive,95285.935
Владимирская область,2021,102361.057,MA3,86282.81233333334
Владимирская область,2022,184392.079,MA3,86282.81233333334
Владимирская область,2023,181773.0,MA3,86282.81233333334
Владимирская область,2024,143200.0,MA3,86282.81233333334
Владимирская область,2021,102361.057,MA5,81618.408
Владимирская область,2022,184392.079,MA5,81618.408
Владимирская область,2023,181773.0,MA5,81618.408
Владимирская область,2024,143200.0,MA5,81618.408
Волгоградская область,2021,186115.882,Naive,182930.122
Волгоградская область,2022,219917.443,Naive,182930.122
Волгоградская область,2023,291397.0,Naive,182930.122
Волгоградская область,2024,364603.0,Naive,182930.122
Волгоградская область,2021,186115.882,MA3,184098.06266666666
Волгоградская область,2022,219917.443,MA3,184098.06266666666
Волгоградская область,2023,291397.0,MA3,184098.06266666666
Волгоградская область,2024,364603.0,MA3,184098.06266666666
Волгоградская область,2021,186115.882,MA5,185529.21060000002
Волгоградская область,2022,219917.443,MA5,185529.21060000002
Волгоградская область,2023,291397.0,MA5,185529.21060000002
Волгоградская область,2024,364603.0,MA5,185529.21060000002
Вологодская область,2021,206986.8,Naive,207940.132
Вологодская область,2022,175148.019,Naive,207940.132
Вологодская область,2023,170103.0,Naive,207940.132
Вологодская область,2024,250377.0,Naive,207940.132
Вологодская область,2021,206986.8,MA3,186885.47533333334
Вологодская область,2022,175148.019,MA3,186885.47533333334
Вологодская область,2023,170103.0,MA3,186885.47533333334
Вологодская область,2024,250377.0,MA3,186885.47533333334
Вологодская область,2021,206986.8,MA5,162618.76400000002
Вологодская область,2022,175148.019,MA5,162618.76400000002
Вологодская область,2023,170103.0,MA5,162618.76400000002
Вологодская область,2024,250377.0,MA5,162618.76400000002
Воронежская область,2021,285010.239,Naive,259172.458
Воронежская область,2022,344142.907,Naive,259172.458
Воронежская область,2023,374112.0,Naive,259172.458
Воронежская область,2024,350087.0,Naive,259172.458
Воронежская область,2021,285010.239,MA3,278241.87799999997
Воронежская область,2022,344142.907,MA3,278241.87799999997
Воронежская область,2023,374112.0,MA3,278241.87799999997
Воронежская область,2024,350087.0,MA3,278241.87799999997
Воронежская область,2021,285010.239,MA5,277874.0062
Воронежская область,2022,344142.907,MA5,277874.0062
Воронежская область,2023,374112.0,MA5,277874.0062
Воронежская область,2024,350087.0,MA5,277874.0062
Еврейская автономная область,2021,16827.403,Naive,16494.478
Еврейская автономная область,2022,20900.932,Naive,16494.478
Еврейская автономная область,2023,31033.0,Naive,16494.478
Еврейская автономная область,2024,33826.0,Naive,16494.478
Еврейская автономная область,2021,16827.403,MA3,16511.277000000002
Еврейская автономная область,2022,20900.932,MA3,16511.277000000002
Еврейская автономная область,2023,31033.0,MA3,16511.277000000002
Еврейская автономная область,2024,33826.0,MA3,16511.277000000002
Еврейская автономная область,2021,16827.403,MA5,14701.033
Еврейская автономная область,2022,20900.932,MA5,14701.033
Еврейская автономная область,2023,31033.0,MA5,14701.033
Еврейская автономная область,2024,33826.0,MA5,14701.033
Забайкальский край,2021,163401.063,Naive,126879.966
Забайкальский край,2022,187252.068,Naive,126879.966
Забайкальский край,2023,305309.0,Naive,126879.966
Забайкальский край,2024,279288.0,Naive,126879.966
Забайкальский край,2021,163401.063,MA3,104357.97633333334
Забайкальский край,2022,187252.068,MA3,104357.97633333334
Забайкальский край,2023,305309.0,MA3,104357.97633333334
Забайкальский край,2024,279288.0,MA3,104357.97633333334
Забайкальский край,2021,163401.063,MA5,99020.15280000001
Забайкальский край,2022,187252.068,MA5,99020.15280000001
Забайкальский край,2023,305309.0,MA5,99020.15280000001
Забайкальский край,2024,279288.0,MA5,99020.15280000001
Ивановская область,2021,45269.226,Naive,44387.879
Ивановская область,2022,62133.22,Naive,44387.879
Ивановская область,2023,69560.0,Naive,44387.879
Ивановская область,2024,70203.0,Naive,44387.879
Ивановская область,2021,45269.226,MA3,37055.736
Ивановская область,2022,62133.22,MA3,37055.736
Ивановская область,2023,69560.0,MA3,37055.736
Ивановская область,2024,70203.0,MA3,37055.736
Ивановская область,2021,45269.226,MA5,32953.81480000001
Ивановская область,2022,62133.22,MA5,32953.81480000001
Ивановская область,2023,69560.0,MA5,32953.81480000001
Ивановская область,2024,70203.0,MA5,32953.81480000001
Иркутская область,2021,516288.845,Naive,389990.112
Иркутская область,2022,845789.975,Naive,389990.112
Иркутская область,2023,910224.0,Naive,389990.112
Иркутская область,2024,998764.0,Naive,389990.112
Иркутская область,2021,516288.845,MA3,358500.2673333333
Иркутская область,2022,845789.975,MA3,358500.2673333333
Иркутская область,2023,910224.0,MA3,358500.2673333333
Иркутская область,2024,998764.0,MA3,358500.2673333333
Иркутская область,2021,516288.845,MA5,318694.71459999995
Иркутская область,2022,845789.975,MA5,318694.71459999995
Иркутская область,2023,910224.0,MA5,318694.71459999995
Иркутская область,2024,998764.0,MA5,318694.71459999995
Кабардино-Балкарская Республика,2021,48578.787,Naive,49060.3
Кабардино-Балкарская Республика,2022,58672.49,Naive,49060.3
Кабардино-Балкарская Республика,2023,68303.0,Naive,49060.3
Кабардино-Балкарская Республика,2024,79283.0,Naive,49060.3
Кабардино-Балкарская Республика,2021,48578.787,MA3,42273.03533333334
Кабардино-Балкарская Республика,2022,58672.49,MA3,42273.03533333334
Кабардино-Балкарская Республика,2023,68303.0,MA3,42273.03533333334
Кабардино-Балкарская Республика,2024,79283.0,MA3,42273.03533333334
Кабардино-Балкарская Республика,2021,48578.787,MA5,39576.3142
Кабардино-Балкарская Республика,2022,58672.49,MA5,39576.3142
Кабардино-Балкарская Республика,2023,68303.0,MA5,39576.3142
Кабардино-Балкарская Республика,2024,79283.0,MA5,39576.3142
Калининградская область,2021,102299.634,Naive,110636.537
Калининградская область,2022,122427.501,Naive,110636.537
Калининградская область,2023,185528.0,Naive,110636.537
Калининградская область,2024,181861.0,Naive,110636.537
Калининградская область,2021,102299.634,MA3,123974.90299999999
Калининградская область,2022,122427.501,MA3,123974.90299999999
Калининградская область,2023,185528.0,MA3,123974.90299999999
Калининградская область,2024,181861.0,MA3,123974.90299999999
Калининградская область,2021,102299.634,MA5,118356.95300000001
Калининградская область,2022,122427.501,MA5,118356.95300000001
Калининградская область,2023,185528.0,MA5,118356.95300000001
Калининградская область,2024,181861.0,MA5,118356.95300000001
Калужская область,2021,132591.976,Naive,112163.651
Калужская область,2022,143758.893,Naive,112163.651
Калужская область,2023,129932.0,Naive,112163.651
Калужская область,2024,144173.0,Naive,112163.651
Калужская область,2021,132591.976,MA3,104486.45066666667
Калужская область,2022,143758.893,MA3,104486.45066666667
Калужская область,2023,129932.0,MA3,104486.45066666667
Калужская область,2024,144173.0,MA3,104486.45066666667
Калужская область,2021,132591.976,MA5,97386.8792
Калужская область,2022,143758.893,MA5,97386.8792
Калужская область,2023,129932.0,MA5,97386.8792
Калужская область,2024,144173.0,MA5,97386.8792
Камчатский край,2021,78471.338,Naive,58395.126
Камчатский край,2022,94667.854,Naive,58395.126
Камчатский край,2023,135940.0,Naive,58395.126
Камчатский край,2024,104324.0,Naive,58395.126
Камчатский край,2021,78471.338,MA3,48479.68066666666
Камчатский край,2022,94667.854,MA3,48479.68066666666
Камчатский край,2023,135940.0,MA3,48479.68066666666
Камчатский край,2024,104324.0,MA3,48479.68066666666
Камчатский край,2021,78471.338,MA5,44348.860199999996
Камчатский край,2022,94667.854,MA5,44348.860199999996
Камчатский край,2023,135940.0,MA5,44348.860199999996
Камчатский край,2024,104324.0,MA5,44348.860199999996
Карачаево-Черкесская Республика,2021,32340.805,Naive,22732.312
Карачаево-Черкесская Республика,2022,35412.962,Naive,22732.312
Карачаево-Черкесская Республика,2023,34710.0,Naive,22732.312
Карачаево-Черкесская Республика,2024,36581.0,Naive,22732.312
Карачаево-Черкесская Республика,2021,32340.805,MA3,23082.194666666666
Карачаево-Черкесская Республика,2022,35412.962,MA3,23082.194666666666
Карачаево-Черкесская Республика,2023,34710.0,MA3,23082.194666666666
Карачаево-Черкесская Республика,2024,36581.0,MA3,23082.194666666666
Карачаево-Черкесская Республика,2021,32340.805,MA5,22166.735800000002
Карачаево-Черкесская Республика,2022,35412.962,MA5,22166.735800000002
Карачаево-Черкесская Республика,2023,34710.0,MA5,22166.735800000002
Карачаево-Черкесская Республика,2024,36581.0,MA5,22166.735800000002
Кемеровская область,2021,340021.712,Naive,275044.606
Кемеровская область,2022,375379.233,Naive,275044.606
Кемеровская область,2023,414429.0,Naive,275044.606
Кемеровская область,2024,434437.0,Naive,275044.606
Кемеровская область,2021,340021.712,MA3,270705.77400000003
Кемеровская область,2022,375379.233,MA3,270705.77400000003
Кемеровская область,2023,414429.0,MA3,270705.77400000003
Кемеровская область,2024,434437.0,MA3,270705.77400000003
Кемеровская область,2021,340021.712,MA5,238603.9228
Кемеровская область,2022,375379.233,MA5,238603.9228
Кемеровская область,2023,414429.0,MA5,238603.9228
Кемеровская область,2024,434437.0,MA5,238603.9228
Кировская область,2021,77176.513,Naive,67878.934
Кировская область,2022,90409.624,Naive,67878.934
Кировская область,2023,111779.0,Naive,67878.934
Кировская область,2024,139226.0,Naive,67878.934
Кировская область,2021,77176.513,MA3,66540.47333333333
Кировская область,2022,90409.624,MA3,66540.47333333333
Кировская область,2023,111779.0,MA3,66540.47333333333
Кировская область,2024,139226.0,MA3,66540.47333333333
Кировская область,2021,77176.513,MA5,62896.653000000006
Кировская область,2022,90409.624,MA5,62896.653000000006
Кировская область,2023,111779.0,MA5,62896.653000000006
Кировская область,2024,139226.0,MA5,62896.653000000006
Костромская область,2021,45063.086,Naive,28311.33
Костромская область,2022,37933.435,Naive,28311.33
Костромская область,2023,48017.0,Naive,28311.33
Костромская область,2024,44406.0,Naive,28311.33
Костромская область,2021,45063.086,MA3,25544.599666666665
Костромская область,2022,37933.435,MA3,25544.599666666665
Костромская область,2023,48017.0,MA3,25544.599666666665
Костромская область,2024,44406.0,MA3,25544.599666666665
Костромская область,2021,45063.086,MA5,24940.470800000003
Костромская область,2022,37933.435,MA5,24940.470800000003
Костромская область,2023,48017.0,MA5,24940.470800000003
Костромская область,2024,44406.0,MA5,24940.470800000003
Краснодарский край,2021,558589.637,Naive,518216.851
Краснодарский край,2022,753059.074,Naive,518216.851
Краснодарский край,2023,869790.0,Naive,518216.851
Краснодарский край,2024,1119624.0,Naive,518216.851
Краснодарский край,2021,558589.637,MA3,503722.9826666667
Краснодарский край,2022,753059.074,MA3,503722.9826666667
Краснодарский край,2023,869790.0,MA3,503722.9826666667
Краснодарский край,2024,1119624.0,MA3,503722.9826666667
Краснодарский край,2021,558589.637,MA5,489901.4638
Краснодарский край,2022,753059.074,MA5,489901.4638
Краснодарский край,2023,869790.0,MA5,489901.4638
Краснодарский край,2024,1119624.0,MA5,489901.4638
Красноярский край,2021,592070.61,Naive,480202.659
Красноярский край,2022,751962.237,Naive,480202.659
Красноярский край,2023,926948.0,Naive,480202.659
Красноярский край,2024,1089874.0,Naive,480202.659
Красноярский край,2021,592070.61,MA3,446129.76966666663
Красноярский край,2022,751962.237,MA3,446129.76966666663
Красноярский край,2023,926948.0,MA3,446129.76966666663
Красноярский край,2024,1089874.0,MA3,446129.76966666663
Красноярский край,2021,592070.61,MA5,437041.47239999997
Красноярский край,2022,751962.237,MA5,437041.47239999997
Красноярский край,2023,926948.0,MA5,437041.47239999997
Красноярский край,2024,1089874.0,MA5,437041.47239999997
Курганская область,2021,47180.247,Naive,44231.492
Курганская область,2022,56058.8,Naive,44231.492
Курганская область,2023,71460.0,Naive,44231.492
Курганская область,2024,84265.0,Naive,44231.492
Курганская область,2021,47180.247,MA3,37375.17333333333
Курганская область,2022,56058.8,MA3,37375.17333333333
Курганская область,2023,71460.0,MA3,37375.17333333333
Курганская область,2024,84265.0,MA3,37375.17333333333
Курганская область,2021,47180.247,MA5,32846.11260000001
Курганская область,2022,56058.8,MA5,32846.11260000001
Курганская область,2023,71460.0,MA5,32846.11260000001
Курганская область,2024,84265.0,MA5,32846.11260000001
Курская область,2021,193789.794,Naive,136892.817
Курская область,2022,203145.301,Naive,136892.817
Курская область,2023,232824.0,Naive,136892.817
Курская область,2024,260615.0,Naive,136892.817
Курская область,2021,193789.794,MA3,133432.31166666668
Курская область,2022,203145.301,MA3,133432.31166666668
Курская область,2023,232824.0,MA3,133432.31166666668
Курская область,2024,260615.0,MA3,133432.31166666668
Курская область,2021,193789.794,MA5,118970.11980000001
Курская область,2022,203145.301,MA5,118970.11980000001
Курская область,2023,232824.0,MA5,118970.11980000001
Курская область,2024,260615.0,MA5,118970.11980000001
Ленинградская область,2021,431975.984,Naive,405306.639
Ленинградская область,2022,567274.436,Naive,405306.639
Ленинградская область,2023,739252.0,Naive,405306.639
Ленинградская область,2024,1110531.0,Naive,405306.639
Ленинградская область,2021,431975.984,MA3,445781.0176666667
Ленинградская область,2022,567274.436,MA3,445781.0176666667
Ленинградская область,2023,739252.0,MA3,445781.0176666667
Ленинградская область,2024,1110531.0,MA3,445781.0176666667
Ленинградская область,2021,431975.984,MA5,387845.935
Ленинградская область,2022,567274.436,MA5,387845.935
Ленинградская область,2023,739252.0,MA5,387845.935
Ленинградская область,2024,1110531.0,MA5,387845.935
Липецкая область,2021,179400.0,Naive,171804.181
Липецкая область,2022,166200.0,Naive,171804.181
Липецкая область,2023,187205.0,Naive,171804.181
Липецкая область,2024,261626.0,Naive,171804.181
Липецкая область,2021,179400.0,MA3,151791.679
Липецкая область,2022,166200.0,MA3,151791.679
Липецкая область,2023,187205.0,MA3,151791.679
Липецкая область,2024,261626.0,MA3,151791.679
Липецкая область,2021,179400.0,MA5,145134.60119999998
Липецкая область,2022,166200.0,MA5,145134.60119999998
Липецкая область,2023,187205.0,MA5,145134.60119999998
Липецкая область,2024,261626.0,MA5,145134.60119999998
Магаданская область,2021,75193.369,Naive,47192.68
Магаданская область,2022,81501.917,Naive,47192.68
Магаданская область,2023,90097.0,Naive,47192.68
Магаданская область,2024,100182.0,Naive,47192.68
Магаданская область,2021,75193.369,MA3,48690.027
Магаданская область,2022,81501.917,MA3,48690.027
Магаданская область,2023,90097.0,MA3,48690.027
Магаданская область,2024,100182.0,MA3,48690.027
Магаданская область,2021,75193.369,MA5,46352.000199999995
Магаданская область,2022,81501.917,MA5,46352.000199999995
Магаданская область,2023,90097.0,MA5,46352.000199999995
Магаданская область,2024,100182.0,MA5,46352.000199999995
Москва,2021,4868342.125,Naive,3839394.417
Москва,2022,6047454.874,Naive,3839394.417
Москва,2023,7154321.0,Naive,3839394.417
Москва,2024,8118831.0,Naive,3839394.417
Москва,2021,4868342.125,MA3,3197731.1096666665
Москва,2022,6047454.874,MA3,3197731.1096666665
Москва,2023,7154321.0,MA3,3197731.1096666665
Москва,2024,8118831.0,MA3,3197731.1096666665
Москва,2021,4868342.125,MA5,2662628.0829999996
Москва,2022,6047454.874,MA5,2662628.0829999996
Москва,2023,7154321.0,MA5,2662628.0829999996
Москва,2024,8118831.0,MA5,2662628.0829999996
Московская область,2021,1182601.529,Naive,1077672.088
Московская область,2022,1376014.656,Naive,1077672.088
Московская область,2023,1658654.0,Naive,1077672.088
Московская область,2024,1820021.0,Naive,1077672.088
Московская область,2021,1182601.529,MA3,1037942.5833333334
Московская область,2022,1376014.656,MA3,1037942.5833333334
Московская область,2023,1658654.0,MA3,1037942.5833333334
Московская область,2024,1820021.0,MA3,1037942.5833333334
Московская область,2021,1182601.529,MA5,886984.4656
Московская область,2022,1376014.656,MA5,886984.4656
Московская область,2023,1658654.0,MA5,886984.4656
Московская область,2024,1820021.0,MA5,886984.4656
Мурманская область,2021,261433.469,Naive,204412.476
Мурманская область,2022,263643.151,Naive,204412.476
Мурманская область,2023,271006.0,Naive,204412.476
Мурманская область,2024,315243.0,Naive,204412.476
Мурманская область,2021,261433.469,MA3,177004.06633333335
Мурманская область,2022,263643.151,MA3,177004.06633333335
Мурманская область,2023,271006.0,MA3,177004.06633333335
Мурманская область,2024,315243.0,MA3,177004.06633333335
Мурманская область,2021,261433.469,MA5,145955.2292
Мурманская область,2022,263643.151,MA5,145955.2292
Мурманская область,2023,271006.0,MA5,145955.2292
Мурманская область,2024,315243.0,MA5,145955.2292
Ненецкий автономный округ,2021,74829.79,Naive,89613.127
Ненецкий автономный округ,2022,85906.725,Naive,89613.127
Ненецкий автономный округ,2023,86428.0,Naive,89613.127
Ненецкий автономный округ,2024,109658.0,Naive,89613.127
Ненецкий автономный округ,2021,74829.79,MA3,92563.19266666665
Ненецкий автономный округ,2022,85906.725,MA3,92563.19266666665
Ненецкий автономный округ,2023,86428.0,MA3,92563.19266666665
Ненецкий автономный округ,2024,109658.0,MA3,92563.19266666665
Ненецкий автономный округ,2021,74829.79,MA5,93994.0804
Ненецкий автономный округ,2022,85906.725,MA5,93994.0804
Ненецкий автономный округ,2023,86428.0,MA5,93994.0804
Ненецкий автономный округ,2024,109658.0,MA5,93994.0804
Нижегородская область,2021,384491.118,Naive,370871.737
Нижегородская область,2022,467617.439,Naive,370871.737
Нижегородская область,2023,664499.0,Naive,370871.737
Нижегородская область,2024,728171.0,Naive,370871.737
Нижегородская область,2021,384491.118,MA3,308505.60533333337
Нижегородская область,2022,467617.439,MA3,308505.60533333337
Нижегородская область,2023,664499.0,MA3,308505.60533333337
Нижегородская область,2024,728171.0,MA3,308505.60533333337
Нижегородская область,2021,384491.118,MA5,280559.04360000003
Нижегородская область,2022,467617.439,MA5,280559.04360000003
Нижегородская область,2023,664499.0,MA5,280559.04360000003
Нижегородская область,2024,728171.0,MA5,280559.04360000003
Новгородская область,2021,47029.3,Naive,50039.076
Новгородская область,2022,57949.856,Naive,50039.076
Новгородская область,2023,75984.0,Naive,50039.076
Новгородская область,2024,85616.0,Naive,50039.076
Новгородская область,2021,47029.3,MA3,53798.850666666665
Новгородская область,2022,57949.856,MA3,53798.850666666665
Новгородская область,2023,75984.0,MA3,53798.850666666665
Новгородская область,2024,85616.0,MA3,53798.850666666665
Новгородская область,2021,47029.3,MA5,62194.058000000005
Новгородская область,2022,57949.856,MA5,62194.058000000005
Новгородская область,2023,75984.0,MA5,62194.058000000005
Новгородская область,2024,85616.0,MA5,62194.058000000005
Новосибирская область,2021,331104.558,Naive,265705.908
Новосибирская область,2022,343349.004,Naive,265705.908
Новосибирская область,2023,391356.0,Naive,265705.908
Новосибирская область,2024,590590.0,Naive,265705.908
Новосибирская область,2021,331104.558,MA3,236749.62133333334
Новосибирская область,2022,343349.004,MA3,236749.62133333334
Новосибирская область,2023,391356.0,MA3,236749.62133333334
Новосибирская область,2024,590590.0,MA3,236749.62133333334
Новосибирская область,2021,331104.558,MA5,209783.214
Новосибирская область,2022,343349.004,MA5,209783.214
Новосибирская область,2023,391356.0,MA5,209783.214
Новосибирская область,2024,590590.0,MA5,209783.214
Омская область,2021,191473.472,Naive,200449.897
Омская область,2022,194430.759,Naive,200449.897
Омская область,2023,208399.0,Naive,200449.897
Омская область,2024,226077.0,Naive,200449.897
Омская область,2021,191473.472,MA3,164700.52300000002
Омская область,2022,194430.759,MA3,164700.52300000002
Омская область,2023,208399.0,MA3,164700.52300000002
Омская область,2024,226077.0,MA3,164700.52300000002
Омская область,2021,191473.472,MA5,137242.71839999998
Омская область,2022,194430.759,MA5,137242.71839999998
Омская область,2023,208399.0,MA5,137242.71839999998
Омская область,2024,226077.0,MA5,137242.71839999998
Оренбургская область,2021,201912.543,Naive,201333.41
Оренбургская область,2022,241654.653,Naive,201333.41
Оренбургская область,2023,293560.0,Naive,201333.41
Оренбургская область,2024,345632.0,Naive,201333.41
Оренбургская область,2021,201912.543,MA3,207159.323
Оренбургская область,2022,241654.653,MA3,207159.323
Оренбургская область,2023,293560.0,MA3,207159.323
Оренбургская область,2024,345632.0,MA3,207159.323
Оренбургская область,2021,201912.543,MA5,194726.7364
Оренбургская область,2022,241654.653,MA5,194726.7364
Оренбургская область,2023,293560.0,MA5,194726.7364
Оренбургская область,2024,345632.0,MA5,194726.7364
Орловская область,2021,58814.961,Naive,55049.0
Орловская область,2022,60475.209,Naive,55049.0
Орловская область,2023,58726.0,Naive,55049.0
Орловская область,2024,65398.0,Naive,55049.0
Орловская область,2021,58814.961,MA3,53003.117333333335
Орловская область,2022,60475.209,MA3,53003.117333333335
Орловская область,2023,58726.0,MA3,53003.117333333335
Орловская область,2024,65398.0,MA3,53003.117333333335
Орловская область,2021,58814.961,MA5,49254.9208
Орловская область,2022,60475.209,MA5,49254.9208
Орловская область,2023,58726.0,MA5,49254.9208
Орловская область,2024,65398.0,MA5,49254.9208
Пензенская область,2021,97902.251,Naive,94531.453
Пензенская область,2022,105671.018,Naive,94531.453
Пензенская область,2023,123173.0,Naive,94531.453
Пензенская область,2024,138368.0,Naive,94531.453
Пензенская область,2021,97902.251,MA3,90336.70399999998
Пензенская область,2022,105671.018,MA3,90336.70399999998
Пензенская область,2023,123173.0,MA3,90336.70399999998
Пензенская область,2024,138368.0,MA3,90336.70399999998
Пензенская область,2021,97902.251,MA5,81601.1454
Пензенская область,2022,105671.018,MA5,81601.1454
Пензенская область,2023,123173.0,MA5,81601.1454
Пензенская область,2024,138368.0,MA5,81601.1454
Пермский край,2021,307972.875,Naive,281563.227
Пермский край,2022,378356.578,Naive,281563.227
Пермский край,2023,481410.0,Naive,281563.227
Пермский край,2024,623985.0,Naive,281563.227
Пермский край,2021,307972.875,MA3,269650.648
Пермский край,2022,378356.578,MA3,269650.648
Пермский край,2023,481410.0,MA3,269650.648
Пермский край,2024,623985.0,MA3,269650.648
Пермский край,2021,307972.875,MA5,258696.2834
Пермский край,2022,378356.578,MA5,258696.2834
Пермский край,2023,481410.0,MA5,258696.2834
Пермский край,2024,623985.0,MA5,258696.2834
Приморский край,2021,253355.638,Naive,229460.526
Приморский край,2022,321001.004,Naive,229460.526
Приморский край,2023,403855.0,Naive,229460.526
Приморский край,2024,425590.0,Naive,229460.526
Приморский край,2021,253355.638,MA3,185367.66533333334
Приморский край,2022,321001.004,MA3,185367.66533333334
Приморский край,2023,403855.0,MA3,185367.66533333334
Приморский край,2024,425590.0,MA3,185367.66533333334
Приморский край,2021,253355.638,MA5,163507.44160000002
Приморский край,2022,321001.004,MA5,163507.44160000002
Приморский край,2023,403855.0,MA5,163507.44160000002
Приморский край,2024,425590.0,MA5,163507.44160000002
Псковская область,2021,47610.368,Naive,38418.128
Псковская область,2022,42880.35,Naive,38418.128
Псковская область,2023,47922.0,Naive,38418.128
Псковская область,2024,68496.0,Naive,38418.128
Псковская область,2021,47610.368,MA3,34446.154
Псковская область,2022,42880.35,MA3,34446.154
Псковская область,2023,47922.0,MA3,34446.154
Псковская область,2024,68496.0,MA3,34446.154
Псковская область,2021,47610.368,MA5,31975.4316
Псковская область,2022,42880.35,MA5,31975.4316
Псковская область,2023,47922.0,MA5,31975.4316
Псковская область,2024,68496.0,MA5,31975.4316
Республика Адыгея,2021,35878.097,Naive,40435.49
Республика Адыгея,2022,46656.481,Naive,40435.49
Республика Адыгея,2023,59401.0,Naive,40435.49
Республика Адыгея,2024,68917.0,Naive,40435.49
Республика Адыгея,2021,35878.097,MA3,38129.40899999999
Республика Адыгея,2022,46656.481,MA3,38129.40899999999
Республика Адыгея,2023,59401.0,MA3,38129.40899999999
Республика Адыгея,2024,68917.0,MA3,38129.40899999999
Республика Адыгея,2021,35878.097,MA5,30873.313199999997
Республика Адыгея,2022,46656.481,MA5,30873.313199999997
Республика Адыгея,2023,59401.0,MA5,30873.313199999997
Республика Адыгея,2024,68917.0,MA5,30873.313199999997
Республика Алтай,2021,14703.846,Naive,14903.968
Республика Алтай,2022,32022.69,Naive,14903.968
Республика Алтай,2023,49028.0,Naive,14903.968
Республика Алтай,2024,53773.0,Naive,14903.968
Республика Алтай,2021,14703.846,MA3,16904.966333333334
Республика Алтай,2022,32022.69,MA3,16904.966333333334
Республика Алтай,2023,49028.0,MA3,16904.966333333334
Республика Алтай,2024,53773.0,MA3,16904.966333333334
Республика Алтай,2021,14703.846,MA5,15145.290999999997
Республика Алтай,2022,32022.69,MA5,15145.290999999997
Республика Алтай,2023,49028.0,MA5,15145.290999999997
Республика Алтай,2024,53773.0,MA5,15145.290999999997
Республика Башкортостан,2021,422571.607,Naive,380766.235
Республика Башкортостан,2022,519533.643,Naive,380766.235
Республика Башкортостан,2023,643468.0,Naive,380766.235
Республика Башкортостан,2024,783798.0,Naive,380766.235
Республика Башкортостан,2021,422571.607,MA3,328802.0223333333
Республика Башкортостан,2022,519533.643,MA3,328802.0223333333
Республика Башкортостан,2023,643468.0,MA3,328802.0223333333
Республика Башкортостан,2024,783798.0,MA3,328802.0223333333
Республика Башкортостан,2021,422571.607,MA5,324021.3876
Республика Башкортостан,2022,519533.643,MA5,324021.3876
Республика Башкортостан,2023,643468.0,MA5,324021.3876
Республика Башкортостан,2024,783798.0,MA5,324021.3876
Республика Бурятия,2021,72843.354,Naive,65157.404
Республика Бурятия,2022,110065.636,Naive,65157.404
Республика Бурятия,2023,167467.0,Naive,65157.404
Республика Бурятия,2024,156141.0,Naive,65157.404
Республика Бурятия,2021,72843.354,MA3,62171.661666666674
Республика Бурятия,2022,110065.636,MA3,62171.661666666674
Республика Бурятия,2023,167467.0,MA3,62171.661666666674
Республика Бурятия,2024,156141.0,MA3,62171.661666666674
Республика Бурятия,2021,72843.354,MA5,52434.7958
Республика Бурятия,2022,110065.636,MA5,52434.7958
Республика Бурятия,2023,167467.0,MA5,52434.7958
Республика Бурятия,2024,156141.0,MA5,52434.7958
Республика Дагестан,2021,257188.322,Naive,273438.132
Республика Дагестан,2022,302274.798,Naive,273438.132
Республика Дагестан,2023,350615.0,Naive,273438.132
Республика Дагестан,2024,398583.0,Naive,273438.132
Республика Дагестан,2021,257188.322,MA3,234311.647
Республика Дагестан,2022,302274.798,MA3,234311.647
Республика Дагестан,2023,350615.0,MA3,234311.647
Республика Дагестан,2024,398583.0,MA3,234311.647
Республика Дагестан,2021,257188.322,MA5,217967.4518
Республика Дагестан,2022,302274.798,MA5,217967.4518
Республика Дагестан,2023,350615.0,MA5,217967.4518
Республика Дагестан,2024,398583.0,MA5,217967.4518
Республика Ингушетия,2021,21571.72,Naive,20353.802
Республика Ингушетия,2022,21737.174,Naive,20353.802
Республика Ингушетия,2023,24251.0,Naive,20353.802
Республика Ингушетия,2024,18950.0,Naive,20353.802
Республика Ингушетия,2021,21571.72,MA3,22290.35533333333
Республика Ингушетия,2022,21737.174,MA3,22290.35533333333
Республика Ингушетия,2023,24251.0,MA3,22290.35533333333
Республика Ингушетия,2024,18950.0,MA3,22290.35533333333
Республика Ингушетия,2021,21571.72,MA5,21740.116799999996
Республика Ингушетия,2022,21737.174,MA5,21740.116799999996
Республика Ингушетия,2023,24251.0,MA5,21740.116799999996
Республика Ингушетия,2024,18950.0,MA5,21740.116799999996
Республика Калмыкия,2021,17841.572,Naive,38269.113
Республика Калмыкия,2022,15816.436,Naive,38269.113
Республика Калмыкия,2023,13330.0,Naive,38269.113
Республика Калмыкия,2024,23149.0,Naive,38269.113
Республика Калмыкия,2021,17841.572,MA3,22180.759000000002
Республика Калмыкия,2022,15816.436,MA3,22180.759000000002
Республика Калмыкия,2023,13330.0,MA3,22180.759000000002
Республика Калмыкия,2024,23149.0,MA3,22180.759000000002
Республика Калмыкия,2021,17841.572,MA5,17380.819799999997
Республика Калмыкия,2022,15816.436,MA5,17380.819799999997
Республика Калмыкия,2023,13330.0,MA5,17380.819799999997
Республика Калмыкия,2024,23149.0,MA5,17380.819799999997
Республика Карелия,2021,78686.901,Naive,55610.027
Республика Карелия,2022,96501.202,Naive,55610.027
Республика Карелия,2023,100184.0,Naive,55610.027
Республика Карелия,2024,103628.0,Naive,55610.027
Республика Карелия,2021,78686.901,MA3,50662.05300000001
Республика Карелия,2022,96501.202,MA3,50662.05300000001
Республика Карелия,2023,100184.0,MA3,50662.05300000001
Республика Карелия,2024,103628.0,MA3,50662.05300000001
Республика Карелия,2021,78686.901,MA5,45650.795
Республика Карелия,2022,96501.202,MA5,45650.795
Республика Карелия,2023,100184.0,MA5,45650.795
Республика Карелия,2024,103628.0,MA5,45650.795
Республика Коми,2021,127664.666,Naive,140129.004
Республика Коми,2022,119998.391,Naive,140129.004
Республика Коми,2023,128434.0,Naive,140129.004
Республика Коми,2024,154193.0,Naive,140129.004
Республика Коми,2021,127664.666,MA3,132727.01833333334
Республика Коми,2022,119998.391,MA3,132727.01833333334
Республика Коми,2023,128434.0,MA3,132727.01833333334
Республика Коми,2024,154193.0,MA3,132727.01833333334
Республика Коми,2021,127664.666,MA5,146518.7724
Республика Коми,2022,119998.391,MA5,146518.7724
Республика Коми,2023,128434.0,MA5,146518.7724
Республика Коми,2024,154193.0,MA5,146518.7724
Республика Крым,2021,164060.322,Naive,196500.701
Республика Крым,2022,214575.249,Naive,196500.701
Республика Крым,2023,292948.0,Naive,196500.701
Республика Крым,2024,289335.0,Naive,196500.701
Республика Крым,2021,164060.322,MA3,238905.69466666668
Республика Крым,2022,214575.249,MA3,238905.69466666668
Республика Крым,2023,292948.0,MA3,238905.69466666668
Республика Крым,2024,289335.0,MA3,238905.69466666668
Республика Крым,2021,164060.322,MA5,197541.0764
Республика Крым,2022,214575.249,MA5,197541.0764
Республика Крым,2023,292948.0,MA5,197541.0764
Республика Крым,2024,289335.0,MA5,197541.0764
Республика Марий Эл,2021,38255.592,Naive,35784.059
Республика Марий Эл,2022,42491.319,Naive,35784.059
Республика Марий Эл,2023,51980.0,Naive,35784.059
Республика Марий Эл,2024,54462.0,Naive,35784.059
Республика Марий Эл,2021,38255.592,MA3,30201.872333333333
Республика Марий Эл,2022,42491.319,MA3,30201.872333333333
Республика Марий Эл,2023,51980.0,MA3,30201.872333333333
Республика Марий Эл,2024,54462.0,MA3,30201.872333333333
Республика Марий Эл,2021,38255.592,MA5,28380.060999999998
Республика Марий Эл,2022,42491.319,MA5,28380.060999999998
Республика Марий Эл,2023,51980.0,MA5,28380.060999999998
Республика Марий Эл,2024,54462.0,MA5,28380.060999999998
Республика Мордовия,2021,50775.468,Naive,47033.079
Республика Мордовия,2022,59855.829,Naive,47033.079
Республика Мордовия,2023,74025.0,Naive,47033.079
Республика Мордовия,2024,86073.0,Naive,47033.079
Республика Мордовия,2021,50775.468,MA3,50805.06133333334
Республика Мордовия,2022,59855.829,MA3,50805.06133333334
Республика Мордовия,2023,74025.0,MA3,50805.06133333334
Республика Мордовия,2024,86073.0,MA3,50805.06133333334
Республика Мордовия,2021,50775.468,MA5,52715.91839999999
Республика Мордовия,2022,59855.829,MA5,52715.91839999999
Республика Мордовия,2023,74025.0,MA5,52715.91839999999
Республика Мордовия,2024,86073.0,MA5,52715.91839999999
Республика Саха (Якутия),2021,414796.814,Naive,259086.513
Республика Саха (Якутия),2022,645672.637,Naive,259086.513
Республика Саха (Якутия),2023,745554.0,Naive,259086.513
Республика Саха (Якутия),2024,795212.0,Naive,259086.513
Республика Саха (Якутия),2021,414796.814,MA3,361201.31833333336
Республика Саха (Якутия),2022,645672.637,MA3,361201.31833333336
Республика Саха (Якутия),2023,745554.0,MA3,361201.31833333336
Республика Саха (Якутия),2024,795212.0,MA3,361201.31833333336
Республика Саха (Якутия),2021,414796.814,MA5,349194.002
Республика Саха (Якутия),2022,645672.637,MA5,349194.002
Республика Саха (Якутия),2023,745554.0,MA5,349194.002
Республика Саха (Якутия),2024,795212.0,MA5,349194.002
Республика Северная Осетия — Алания,2021,35785.53,Naive,31172.07
Республика Северная Осетия — Алания,2022,43161.568,Naive,31172.07
Республика Северная Осетия — Алания,2023,45157.0,Naive,31172.07
Республика Северная Осетия — Алания,2024,51428.0,Naive,31172.07
Республика Северная Осетия — Алания,2021,35785.53,MA3,32164.64466666667
Республика Северная Осетия — Алания,2022,43161.568,MA3,32164.64466666667
Республика Северная Осетия — Алания,2023,45157.0,MA3,32164.64466666667
Республика Северная Осетия — Алания,2024,51428.0,MA3,32164.64466666667
Республика Северная Осетия — Алания,2021,35785.53,MA5,29853.150400000002
Республика Северная Осетия — Алания,2022,43161.568,MA5,29853.150400000002
Республика Северная Осетия — Алания,2023,45157.0,MA5,29853.150400000002
Республика Северная Осетия — Алания,2024,51428.0,MA5,29853.150400000002
Республика Татарстан,2021,689232.352,Naive,615593.41
Республика Татарстан,2022,888648.777,Naive,615593.41
Республика Татарстан,2023,1180448.0,Naive,615593.41
Республика Татарстан,2024,1435078.0,Naive,615593.41
Республика Татарстан,2021,689232.352,MA3,628720.523
Республика Татарстан,2022,888648.777,MA3,628720.523
Республика Татарстан,2023,1180448.0,MA3,628720.523
Республика Татарстан,2024,1435078.0,MA3,628720.523
Республика Татарстан,2021,689232.352,MA5,632053.4738
Республика Татарстан,2022,888648.777,MA5,632053.4738
Республика Татарстан,2023,1180448.0,MA5,632053.4738
Республика Татарстан,2024,1435078.0,MA5,632053.4738
Республика Тыва,2021,14612.41,Naive,19303.95
Республика Тыва,2022,22782.028,Naive,19303.95
Республика Тыва,2023,28919.0,Naive,19303.95
Республика Тыва,2024,42372.0,Naive,19303.95
Республика Тыва,2021,14612.41,MA3,17103.59766666667
Республика Тыва,2022,22782.028,MA3,17103.59766666667
Республика Тыва,2023,28919.0,MA3,17103.59766666667
Республика Тыва,2024,42372.0,MA3,17103.59766666667
Республика Тыва,2021,14612.41,MA5,14387.862
Республика Тыва,2022,22782.028,MA5,14387.862
Республика Тыва,2023,28919.0,MA5,14387.862
Республика Тыва,2024,42372.0,MA5,14387.862
Республика Хакасия,2021,49918.474,Naive,34675.932
Республика Хакасия,2022,51700.995,Naive,34675.932
Республика Хакасия,2023,59377.0,Naive,34675.932
Республика Хакасия,2024,69038.0,Naive,34675.932
Республика Хакасия,2021,49918.474,MA3,33870.766
Республика Хакасия,2022,51700.995,MA3,33870.766
Республика Хакасия,2023,59377.0,MA3,33870.766
Республика Хакасия,2024,69038.0,MA3,33870.766
Республика Хакасия,2021,49918.474,MA5,30538.3954
Республика Хакасия,2022,51700.995,MA5,30538.3954
Республика Хакасия,2023,59377.0,MA5,30538.3954
Республика Хакасия,2024,69038.0,MA5,30538.3954
Ростовская область,2021,393753.172,Naive,328055.191
Ростовская область,2022,470545.907,Naive,328055.191
Ростовская область,2023,645792.0,Naive,328055.191
Ростовская область,2024,717290.0,Naive,328055.191
Ростовская область,2021,393753.172,MA3,292359.3466666666
Ростовская область,2022,470545.907,MA3,292359.3466666666
Ростовская область,2023,645792.0,MA3,292359.3466666666
Ростовская область,2024,717290.0,MA3,292359.3466666666
Ростовская область,2021,393753.172,MA5,299092.39340000006
Ростовская область,2022,470545.907,MA5,299092.39340000006
Ростовская область,2023,645792.0,MA5,299092.39340000006
Ростовская область,2024,717290.0,MA5,299092.39340000006
Рязанская область,2021,75730.437,Naive,62505.332
Рязанская область,2022,92430.663,Naive,62505.332
Рязанская область,2023,102479.0,Naive,62505.332
Рязанская область,2024,133354.0,Naive,62505.332
Рязанская область,2021,75730.437,MA3,64763.63466666667
Рязанская область,2022,92430.663,MA3,64763.63466666667
Рязанская область,2023,102479.0,MA3,64763.63466666667
Рязанская область,2024,133354.0,MA3,64763.63466666667
Рязанская область,2021,75730.437,MA5,61493.960600000006
Рязанская область,2022,92430.663,MA5,61493.960600000006
Рязанская область,2023,102479.0,MA5,61493.960600000006
Рязанская область,2024,133354.0,MA5,61493.960600000006
Самарская область,2021,386809.06,Naive,308525.397
Самарская область,2022,453920.257,Naive,308525.397
Самарская область,2023,522714.0,Naive,308525.397
Самарская область,2024,568597.0,Naive,308525.397
Самарская область,2021,386809.06,MA3,289082.0513333333
Самарская область,2022,453920.257,MA3,289082.0513333333
Самарская область,2023,522714.0,MA3,289082.0513333333
Самарская область,2024,568597.0,MA3,289082.0513333333
Самарская область,2021,386809.06,MA5,276713.2786
Самарская область,2022,453920.257,MA5,276713.2786
Самарская область,2023,522714.0,MA5,276713.2786
Самарская область,2024,568597.0,MA5,276713.2786
Санкт-Петербург,2021,896715.831,Naive,765493.459
Санкт-Петербург,2022,1050123.161,Naive,765493.459
Санкт-Петербург,2023,1279472.0,Naive,765493.459
Санкт-Петербург,2024,1529463.0,Naive,765493.459
Санкт-Петербург,2021,896715.831,MA3,787503.7090000001
Санкт-Петербург,2022,1050123.161,MA3,787503.7090000001
Санкт-Петербург,2023,1279472.0,MA3,787503.7090000001
Санкт-Петербург,2024,1529463.0,MA3,787503.7090000001
Санкт-Петербург,2021,896715.831,MA5,742703.7210000001
Санкт-Петербург,2022,1050123.161,MA5,742703.7210000001
Санкт-Петербург,2023,1279472.0,MA5,742703.7210000001
Санкт-Петербург,2024,1529463.0,MA5,742703.7210000001
Саратовская область,2021,173755.24,Naive,167077.948
Саратовская область,2022,208564.673,Naive,167077.948
Саратовская область,2023,286540.0,Naive,167077.948
Саратовская область,2024,316675.0,Naive,167077.948
Саратовская область,2021,173755.24,MA3,161354.10866666667
Саратовская область,2022,208564.673,MA3,161354.10866666667
Саратовская область,2023,286540.0,MA3,161354.10866666667
Саратовская область,2024,316675.0,MA3,161354.10866666667
Саратовская область,2021,173755.24,MA5,154112.647
Саратовская область,2022,208564.673,MA5,154112.647
Саратовская область,2023,286540.0,MA5,154112.647
Саратовская область,2024,316675.0,MA5,154112.647
Сахалинская область,2021,241353.939,Naive,230493.935
Сахалинская область,2022,269386.05,Naive,230493.935
Сахалинская область,2023,305841.0,Naive,230493.935
Сахалинская область,2024,355208.0,Naive,230493.935
Сахалинская область,2021,241353.939,MA3,232824.1416666667
Сахалинская область,2022,269386.05,MA3,232824.1416666667
Сахалинская область,2023,305841.0,MA3,232824.1416666667
Сахалинская область,2024,355208.0,MA3,232824.1416666667
Сахалинская область,2021,241353.939,MA5,230059.6588
Сахалинская область,2022,269386.05,MA5,230059.6588
Сахалинская область,2023,305841.0,MA5,230059.6588
Сахалинская область,2024,355208.0,MA5,230059.6588
Свердловская область,2021,420242.859,Naive,416956.411
Свердловская область,2022,569580.103,Naive,416956.411
Свердловская область,2023,707737.0,Naive,416956.411
Свердловская область,2024,898167.0,Naive,416956.411
Свердловская область,2021,420242.859,MA3,396101.70900000003
Свердловская область,2022,569580.103,MA3,396101.70900000003
Свердловская область,2023,707737.0,MA3,396101.70900000003
Свердловская область,2024,898167.0,MA3,396101.70900000003
Свердловская область,2021,420242.859,MA5,367363.75560000003
Свердловская область,2022,569580.103,MA5,367363.75560000003
Свердловская область,2023,707737.0,MA5,367363.75560000003
Свердловская область,2024,898167.0,MA5,367363.75560000003
Севастополь,2021,40545.949,Naive,27821.79
Севастополь,2022,104715.935,Naive,27821.79
Севастополь,2023,104229.0,Naive,27821.79
Севастополь,2024,100932.0,Naive,27821.79
Севастополь,2021,40545.949,MA3,37792.764
Севастополь,2022,104715.935,MA3,37792.764
Севастополь,2023,104229.0,MA3,37792.764
Севастополь,2024,100932.0,MA3,37792.764
Севастополь,2021,40545.949,MA5,36287.422000000006
Севастополь,2022,104715.935,MA5,36287.422000000006
Севастополь,2023,104229.0,MA5,36287.422000000006
Севастополь,2024,100932.0,MA5,36287.422000000006
Смоленская область,2021,71255.813,Naive,64975.698
Смоленская область,2022,66401.347,Naive,64975.698
Смоленская область,2023,94292.0,Naive,64975.698
Смоленская область,2024,108474.0,Naive,64975.698
Смоленская область,2021,71255.813,MA3,68800.29666666666
Смоленская область,2022,66401.347,MA3,68800.29666666666
Смоленская область,2023,94292.0,MA3,68800.29666666666
Смоленская область,2024,108474.0,MA3,68800.29666666666
Смоленская область,2021,71255.813,MA5,64524.924199999994
Смоленская область,2022,66401.347,MA5,64524.924199999994
Смоленская область,2023,94292.0,MA5,64524.924199999994
Смоленская область,2024,108474.0,MA5,64524.924199999994
Ставропольский край,2021,254163.851,Naive,232377.07
Ставропольский край,2022,286449.028,Naive,232377.07
Ставропольский край,2023,344690.0,Naive,232377.07
Ставропольский край,2024,383864.0,Naive,232377.07
Ставропольский край,2021,254163.851,MA3,195618.1346666667
Ставропольский край,2022,286449.028,MA3,195618.1346666667
Ставропольский край,2023,344690.0,MA3,195618.1346666667
Ставропольский край,2024,383864.0,MA3,195618.1346666667
Ставропольский край,2021,254163.851,MA5,169973.02740000002
Ставропольский край,2022,286449.028,MA5,169973.02740000002
Ставропольский край,2023,344690.0,MA5,169973.02740000002
Ставропольский край,2024,383864.0,MA5,169973.02740000002
Тамбовская область,2021,79396.717,Naive,74770.114
Тамбовская область,2022,81328.812,Naive,74770.114
Тамбовская область,2023,91364.0,Naive,74770.114
Тамбовская область,2024,99037.0,Naive,74770.114
Тамбовская область,2021,79396.717,MA3,90573.09999999999
Тамбовская область,2022,81328.812,MA3,90573.09999999999
Тамбовская область,2023,91364.0,MA3,90573.09999999999
Тамбовская область,2024,99037.0,MA3,90573.09999999999
Тамбовская область,2021,79396.717,MA5,97565.16279999999
Тамбовская область,2022,81328.812,MA5,97565.16279999999
Тамбовская область,2023,91364.0,MA5,97565.16279999999
Тамбовская область,2024,99037.0,MA5,97565.16279999999
Тверская область,2021,87064.102,Naive,84863.186
Тверская область,2022,89035.732,Naive,84863.186
Тверская область,2023,141310.0,Naive,84863.186
Тверская область,2024,179883.0,Naive,84863.186
Тверская область,2021,87064.102,MA3,92570.82133333333
Тверская область,2022,89035.732,MA3,92570.82133333333
Тверская область,2023,141310.0,MA3,92570.82133333333
Тверская область,2024,179883.0,MA3,92570.82133333333
Тверская область,2021,87064.102,MA5,94376.724
Тверская область,2022,89035.732,MA5,94376.724
Тверская область,2023,141310.0,MA5,94376.724
Тверская область,2024,179883.0,MA5,94376.724
Томская область,2021,107763.975,Naive,101399.183
Томская область,2022,123553.327,Naive,101399.183
Томская область,2023,148598.0,Naive,101399.183
Томская область,2024,185088.0,Naive,101399.183
Томская область,2021,107763.975,MA3,99779.54033333332
Томская область,2022,123553.327,MA3,99779.54033333332
Томская область,2023,148598.0,MA3,99779.54033333332
Томская область,2024,185088.0,MA3,99779.54033333332
Томская область,2021,107763.975,MA5,100437.9576
Томская область,2022,123553.327,MA5,100437.9576
Томская область,2023,148598.0,MA5,100437.9576
Томская область,2024,185088.0,MA5,100437.9576
Тульская область,2021,182405.476,Naive,137984.012
Тульская область,2022,212314.938,Naive,137984.012
Тульская область,2023,235052.0,Naive,137984.012
Тульская область,2024,272922.0,Naive,137984.012
Тульская область,2021,182405.476,MA3,156820.26566666667
Тульская область,2022,212314.938,MA3,156820.26566666667
Тульская область,2023,235052.0,MA3,156820.26566666667
Тульская область,2024,272922.0,MA3,156820.26566666667
Тульская область,2021,182405.476,MA5,142316.98979999998
Тульская область,2022,212314.938,MA5,142316.98979999998
Тульская область,2023,235052.0,MA5,142316.98979999998
Тульская область,2024,272922.0,MA5,142316.98979999998
Тюменская область (без автономных округов),2021,235569.611,Naive,300270.894
Тюменская область (без автономных округов),2022,353203.535,Naive,300270.894
Тюменская область (без автономных округов),2023,356720.0,Naive,300270.894
Тюменская область (без автономных округов),2024,436650.0,Naive,300270.894
Тюменская область (без автономных округов),2021,235569.611,MA3,318878.2533333333
Тюменская область (без автономных округов),2022,353203.535,MA3,318878.2533333333
Тюменская область (без автономных округов),2023,356720.0,MA3,318878.2533333333
Тюменская область (без автономных округов),2024,436650.0,MA3,318878.2533333333
Тюменская область (без автономных округов),2021,235569.611,MA5,299545.49299999996
Тюменская область (без автономных округов),2022,353203.535,MA5,299545.49299999996
Тюменская область (без автономных округов),2023,356720.0,MA5,299545.49299999996
Тюменская область (без автономных округов),2024,436650.0,MA5,299545.49299999996
Удмуртская Республика,2021,125354.258,Naive,120463.135
Удмуртская Республика,2022,144341.401,Naive,120463.135
Удмуртская Республика,2023,169047.0,Naive,120463.135
Удмуртская Республика,2024,224310.0,Naive,120463.135
Удмуртская Республика,2021,125354.258,MA3,107740.841
Удмуртская Республика,2022,144341.401,MA3,107740.841
Удмуртская Республика,2023,169047.0,MA3,107740.841
Удмуртская Республика,2024,224310.0,MA3,107740.841
Удмуртская Республика,2021,125354.258,MA5,98811.3608
Удмуртская Республика,2022,144341.401,MA5,98811.3608
Удмуртская Республика,2023,169047.0,MA5,98811.3608
Удмуртская Республика,2024,224310.0,MA5,98811.3608
Ульяновская область,2021,98322.291,Naive,81546.083
Ульяновская область,2022,106501.143,Naive,81546.083
Ульяновская область,2023,118409.0,Naive,81546.083
Ульяновская область,2024,142951.0,Naive,81546.083
Ульяновская область,2021,98322.291,MA3,81400.51466666667
Ульяновская область,2022,106501.143,MA3,81400.51466666667
Ульяновская область,2023,118409.0,MA3,81400.51466666667
Ульяновская область,2024,142951.0,MA3,81400.51466666667
Ульяновская область,2021,98322.291,MA5,79774.166
Ульяновская область,2022,106501.143,MA5,79774.166
Ульяновская область,2023,118409.0,MA5,79774.166
Ульяновская область,2024,142951.0,MA5,79774.166
Хабаровский край,2021,246365.704,Naive,243359.341
Хабаровский край,2022,281415.767,Naive,243359.341
Хабаровский край,2023,441725.0,Naive,243359.341
Хабаровский край,2024,625635.0,Naive,243359.341
Хабаровский край,2021,246365.704,MA3,188424.384
Хабаровский край,2022,281415.767,MA3,188424.384
Хабаровский край,2023,441725.0,MA3,188424.384
Хабаровский край,2024,625635.0,MA3,188424.384
Хабаровский край,2021,246365.704,MA5,161309.85020000002
Хабаровский край,2022,281415.767,MA5,161309.85020000002
Хабаровский край,2023,441725.0,MA5,161309.85020000002
Хабаровский край,2024,625635.0,MA5,161309.85020000002
Ханты-Мансийский автономный округ — Югра,2021,1056855.855,Naive,1006037.275
Ханты-Мансийский автономный округ — Югра,2022,1328036.703,Naive,1006037.275
Ханты-Мансийский автономный округ — Югра,2023,1552284.0,Naive,1006037.275
Ханты-Мансийский автономный округ — Югра,2024,1720949.0,Naive,1006037.275
Ханты-Мансийский автономный округ — Югра,2021,1056855.855,MA3,974404.8896666666
Ханты-Мансийский автономный округ — Югра,2022,1328036.703,MA3,974404.8896666666
Ханты-Мансийский автономный округ — Югра,2023,1552284.0,MA3,974404.8896666666
Ханты-Мансийский автономный округ — Югра,2024,1720949.0,MA3,974404.8896666666
Ханты-Мансийский автономный округ — Югра,2021,1056855.855,MA5,928531.0704
Ханты-Мансийский автономный округ — Югра,2022,1328036.703,MA5,928531.0704
Ханты-Мансийский автономный округ — Югра,2023,1552284.0,MA5,928531.0704
Ханты-Мансийский автономный округ — Югра,2024,1720949.0,MA5,928531.0704
Челябинская область,2021,326631.03,Naive,322198.284
Челябинская область,2022,373241.299,Naive,322198.284
Челябинская область,2023,446087.0,Naive,322198.284
Челябинская область,2024,549102.0,Naive,322198.284
Челябинская область,2021,326631.03,MA3,292690.6446666667
Челябинская область,2022,373241.299,MA3,292690.6446666667
Челябинская область,2023,446087.0,MA3,292690.6446666667
Челябинская область,2024,549102.0,MA3,292690.6446666667
Челябинская область,2021,326631.03,MA5,255070.38619999998
Челябинская область,2022,373241.299,MA5,255070.38619999998
Челябинская область,2023,446087.0,MA5,255070.38619999998
Челябинская область,2024,549102.0,MA5,255070.38619999998
Чеченская Республика,2021,83282.329,Naive,76462.809
Чеченская Республика,2022,118560.284,Naive,76462.809
Чеченская Республика,2023,162505.0,Naive,76462.809
Чеченская Республика,2024,198826.0,Naive,76462.809
Чеченская Республика,2021,83282.329,MA3,76869.08
Чеченская Республика,2022,118560.284,MA3,76869.08
Чеченская Республика,2023,162505.0,MA3,76869.08
Чеченская Республика,2024,198826.0,MA3,76869.08
Чеченская Республика,2021,83282.329,MA5,71107.4132
Чеченская Республика,2022,118560.284,MA5,71107.4132
Чеченская Республика,2023,162505.0,MA5,71107.4132
Чеченская Республика,2024,198826.0,MA5,71107.4132
Чувашская Республика,2021,63872.138,Naive,55858.411
Чувашская Республика,2022,98862.809,Naive,55858.411
Чувашская Республика,2023,123536.0,Naive,55858.411
Чувашская Республика,2024,96177.0,Naive,55858.411
Чувашская Республика,2021,63872.138,MA3,59236.32766666667
Чувашская Республика,2022,98862.809,MA3,59236.32766666667
Чувашская Республика,2023,123536.0,MA3,59236.32766666667
Чувашская Республика,2024,96177.0,MA3,59236.32766666667
Чувашская Республика,2021,63872.138,MA5,56042.873400000004
Чувашская Республика,2022,98862.809,MA5,56042.873400000004
Чувашская Республика,2023,123536.0,MA5,56042.873400000004
Чувашская Республика,2024,96177.0,MA5,56042.873400000004
Чукотский автономный округ,2021,50752.848,Naive,31475.664
Чукотский автономный округ,2022,81379.434,Naive,31475.664
Чукотский автономный округ,2023,86973.0,Naive,31475.664
Чукотский автономный округ,2024,102293.0,Naive,31475.664
Чукотский автономный округ,2021,50752.848,MA3,25356.096333333335
Чукотский автономный округ,2022,81379.434,MA3,25356.096333333335
Чукотский автономный округ,2023,86973.0,MA3,25356.096333333335
Чукотский автономный округ,2024,102293.0,MA3,25356.096333333335
Чукотский автономный округ,2021,50752.848,MA5,20264.9978
Чукотский автономный округ,2022,81379.434,MA5,20264.9978
Чукотский автономный округ,2023,86973.0,MA5,20264.9978
Чукотский автономный округ,2024,102293.0,MA5,20264.9978
Ямало-Ненецкий автономный округ,2021,1147020.059,Naive,991793.855
Ямало-Ненецкий автономный округ,2022,1417860.003,Naive,991793.855
Ямало-Ненецкий автономный округ,2023,1473657.0,Naive,991793.855
Ямало-Ненецкий автономный округ,2024,1650772.0,Naive,991793.855
Ямало-Ненецкий автономный округ,2021,1147020.059,MA3,985709.7173333332
Ямало-Ненецкий автономный округ,2022,1417860.003,MA3,985709.7173333332
Ямало-Ненецкий автономный округ,2023,1473657.0,MA3,985709.7173333332
Ямало-Ненецкий автономный округ,2024,1650772.0,MA3,985709.7173333332
Ямало-Ненецкий автономный округ,2021,1147020.059,MA5,1023966.0961999999
Ямало-Ненецкий автономный округ,2022,1417860.003,MA5,1023966.0961999999
Ямало-Ненецкий автономный округ,2023,1473657.0,MA5,1023966.0961999999
Ямало-Ненецкий автономный округ,2024,1650772.0,MA5,1023966.0961999999
Ярославская область,2021,111392.657,Naive,92691.029
Ярославская область,2022,116594.188,Naive,92691.029
Ярославская область,2023,136531.0,Naive,92691.029
Ярославская область,2024,176719.0,Naive,92691.029
Ярославская область,2021,111392.657,MA3,89355.28966666666
Ярославская область,2022,116594.188,MA3,89355.28966666666
Ярославская область,2023,136531.0,MA3,89355.28966666666
Ярославская область,2024,176719.0,MA3,89355.28966666666
Ярославская область,2021,111392.657,MA5,88442.1416
Ярославская область,2022,116594.188,MA5,88442.1416
Ярославская область,2023,136531.0,MA5,88442.1416
Ярославская область,2024,176719.0,MA5,88442.1416
