region,model,train_start,train_end,test_start,test_end,n_train,n_test,MAE,RMSE,sMAPE,R2
Алтайский край,Naive,2002,2020,2021,2024,19,4,50446.10674999999,65154.33581941809,31.085355231373335,-1.4967023044370817
Алтайский край,MA3,2002,2020,2021,2024,19,4,58445.60741666665,71527.38507830573,37.58109535063931,-2.0090182008613806
Алтайский край,MA5,2002,2020,2021,2024,19,4,71404.28074999999,82455.13385630959,48.9334998727465,-2.9986695938157637
Амурская область,Naive,2002,2020,2021,2024,19,4,290042.51399999997,361288.3720779962,50.90307630478163,-1.812850652756067
Амурская область,MA3,2002,2020,2021,2024,19,4,332948.0273333334,396558.9701122477,62.27057570582208,-2.388864947102626
Амурская область,MA5,2002,2020,2021,2024,19,4,395502.223,450362.7829531102,80.92939847656793,-3.3708277724297533
Архангельская область (без автономного округа),Naive,2002,2020,2021,2024,8,4,4315.382750000001,6033.461531845071,3.8536000754729822,-0.37396125574752404
Архангельская область (без автономного округа),MA3,2002,2020,2021,2024,8,4,7433.735749999996,9041.8528531438,6.801352307364315,-2.0857181866407593
Архангельская область (без автономного округа),MA5,2002,2020,2021,2024,8,4,10449.700550000012,11648.644444816198,9.741548803308717,-4.121440939250517
Астраханская область,Naive,2002,2020,2021,2024,19,4,13631.41275,18934.70386847508,13.371534953297973,-0.9240694811527856
Астраханская область,MA3,2002,2020,2021,2024,19,4,13631.41275,15770.59994576166,13.404643400395317,-0.3347506671274152
Астраханская область,MA5,2002,2020,2021,2024,19,4,16872.922349999997,21703.255530099905,16.105173842801133,-1.5278627128505882
Белгородская область,Naive,2002,2020,2021,2024,19,4,34364.032999999996,41911.90142146277,17.64866015109504,-1.9234569501932723
Белгородская область,MA3,2002,2020,2021,2024,19,4,46453.441333333336,52524.17308207484,24.9497127488197,-3.591350234407697
Белгородская область,MA5,2002,2020,2021,2024,19,4,51976.86239999997,57467.040738103475,28.45314806706083,-4.496163485595458
Брянская область,Naive,2002,2020,2021,2024,19,4,21757.86575,25264.006419192832,24.34087788368319,-2.8714637144473123
Брянская область,MA3,2002,2020,2021,2024,19,4,31095.124750000006,33641.82042595283,37.22210649003927,-5.864829002049606
Брянская область,MA5,2002,2020,2021,2024,19,4,32793.75014999999,35217.8271228453,39.72710261086571,-6.523083145074561
Владимирская область,Naive,2002,2020,2021,2024,19,4,57645.599,66644.0775444489,43.37350084069465,-2.971174570391904
Владимирская область,MA3,2002,2020,2021,2024,19,4,66648.72166666666,74568.55964468214,52.59742780535086,-3.9717280558124735
Владимирская область,MA5,2002,2020,2021,2024,19,4,71313.126,78765.34725101892,57.663169690431836,-4.547103136666597
Волгоградская область,Naive,2002,2020,2021,2024,19,4,82578.20925,107410.78763956207,33.04624484311332,-1.4453753927117257
Волгоградская область,MA3,2002,2020,2021,2024,19,4,81410.26858333334,106515.4847391908,32.43669373808717,-1.4047793360211678
Волгоградская область,MA5,2002,2020,2021,2024,19,4,79979.12064999998,105425.69135823379,31.69420538611469,-1.3558229623532942
Вологодская область,Naive,2002,2020,2021,2024,19,4,28504.86125000001,32820.602677822055,14.028829903827297,-0.05184261818217717
Вологодская область,MA3,2002,2020,2021,2024,19,4,28028.195249999997,34837.68188809185,13.783480862650393,-0.1851031664233571
Вологодская область,MA5,2002,2020,2021,2024,19,4,38034.94074999997,49706.706347553605,19.60609048941745,-1.412612835997352
Воронежская область,Naive,2002,2020,2021,2024,19,4,79165.57849999999,85679.81149679469,25.95190249590027,-5.836233848020504
Воронежская область,MA3,2002,2020,2021,2024,19,4,60096.158500000034,68449.90537132784,18.960237973698437,-3.3632049144187155
Воронежская область,MA5,2002,2020,2021,2024,19,4,60464.0303,68773.10694599981,19.091007847093323,-3.404505891140504
Еврейская автономная область,Naive,2002,2020,2021,2024,19,4,9152.35575,11524.733757127635,38.90726508015886,-1.7076249372265617
Еврейская автономная область,MA3,2002,2020,2021,2024,19,4,9135.556749999998,11511.397375235976,38.81121763887664,-1.7013620546636083
Еврейская автономная область,MA5,2002,2020,2021,2024,19,4,10945.80075,12994.78458678018,49.64024228553287,-2.4424280531070632
Забайкальский край,Naive,2002,2020,2021,2024,19,4,106932.56675,122519.09058173354,55.30417574190965,-3.1972714978024133
Забайкальский край,MA3,2002,2020,2021,2024,19,4,129454.55641666664,142600.26613673536,72.56309854965033,-4.6859129338358745
Забайкальский край,MA5,2002,2020,2021,2024,19,4,134792.37994999997,147463.01033756562,77.01274843210643,-5.080310027612666
Ивановская область,Naive,2002,2020,2021,2024,19,4,17403.4825,20098.0723430381,31.130497927395908,-2.997301141271187
Ивановская область,MA3,2002,2020,2021,2024,19,4,24735.625500000002,26700.233662918326,48.32538835359169,-6.054856451382513
Ивановская область,MA5,2002,2020,2021,2024,19,4,28837.546699999995,30539.407467285073,59.12441942015999,-8.229523295933731
Иркутская область,Naive,2002,2020,2021,2024,19,4,427776.593,465014.4702056209,67.33345791723833,-5.504264366729313
Иркутская область,MA3,2002,2020,2021,2024,19,4,459266.43766666664,494136.9291491548,74.5798722085048,-6.3444600706695855
Иркутская область,MA5,2002,2020,2021,2024,19,4,499071.9904,531336.5182102058,84.34129473133969,-7.49189432868924
Кабардино-Балкарская Республика,Naive,2002,2020,2021,2024,19,4,14889.775749999999,18549.38779276333,24.67978751021622,-1.657273587099236
Кабардино-Балкарская Республика,MA3,2002,2020,2021,2024,19,4,21436.28391666666,24269.328187145773,38.58685524354304,-3.548755759780212
Кабардино-Балкарская Республика,MA5,2002,2020,2021,2024,19,4,24133.00505,26681.228518244283,44.8418140991736,-4.497797688903557
Калининградская область,Naive,2002,2020,2021,2024,19,4,41560.94825,52178.02732855911,29.305941888935767,-1.0557641239017177
Калининградская область,MA3,2002,2020,2021,2024,19,4,35665.46625,43622.80285400282,24.51104603815712,-0.43689523243789674
Калининградская область,MA5,2002,2020,2021,2024,19,4,37700.740249999995,46955.08597304045,26.112175743786555,-0.66480453807012
Калужская область,Naive,2002,2020,2021,2024,19,4,25450.316250000003,26248.278176548036,20.259333198531873,-15.70093301376287
Калужская область,MA3,2002,2020,2021,2024,19,4,33127.51658333333,33744.41976071686,27.244958493370635,-26.60215711959224
Калужская область,MA5,2002,2020,2021,2024,19,4,40227.088050000006,40736.61894402734,34.111558807670804,-39.22620433150125
Камчатский край,Naive,2002,2020,2021,2024,19,4,44955.672000000006,49602.001056950015,53.247446384189786,-4.600046776597491
Камчатский край,MA3,2002,2020,2021,2024,19,4,54871.11733333334,58738.280373965,69.93089206032053,-6.8530021432410075
Камчатский край,MA5,2002,2020,2021,2024,19,4,59001.93780000001,62614.49295520291,77.56080421026917,-7.923659616737526
Карачаево-Черкесская Республика,Naive,2002,2020,2021,2024,19,4,12028.879749999996,12128.202580145964,41.72770217040227,-60.30548315154413
Карачаево-Черкесская Республика,MA3,2002,2020,2021,2024,19,4,11678.997083333335,11781.269993409356,40.26518880724267,-56.84830687030066
Карачаево-Черкесская Республика,MA5,2002,2020,2021,2024,19,4,12594.455949999998,12689.352641549116,44.129872269495046,-66.10971091483984
Кемеровская область,Naive,2002,2020,2021,2024,19,4,116022.13024999997,121576.11426094643,34.33618861965916,-10.20079024992076
Кемеровская область,MA3,2002,2020,2021,2024,19,4,120360.96224999997,125723.41899896241,35.87393666115808,-10.978005640272528
Кемеровская область,MA5,2002,2020,2021,2024,19,4,152462.81345000002,156730.74470611135,47.91260841592809,-17.6148928885848
Кировская область,Naive,2002,2020,2021,2024,19,4,36768.85025,43622.51880838054,39.76434348924796,-2.453734542306866
Кировская область,MA3,2002,2020,2021,2024,19,4,38107.31091666667,44756.48493548272,41.65122445345697,-2.63562782485929
Кировская область,MA5,2002,2020,2021,2024,19,4,41751.13124999999,47897.10595782708,46.944746545635084,-3.1637632096759702
Костромская область,Naive,2002,2020,2021,2024,19,4,15543.550249999998,15973.087258513622,42.65288546934205,-17.846784444296322
Костромская область,MA3,2002,2020,2021,2024,19,4,18310.280583333337,18676.29345545333,52.33663889425543,-24.765638764235142
Костромская область,MA5,2002,2020,2021,2024,19,4,18914.40945,19268.950335606358,54.555160696554815,-26.426832225797195
Краснодарский край,Naive,2002,2020,2021,2024,19,4,307048.82675,368128.7375087239,42.13556268393534,-2.286117184168381
Краснодарский край,MA3,2002,2020,2021,2024,19,4,321542.69508333335,380301.84082208824,44.79807610055684,-2.507037896313044
Краснодарский край,MA5,2002,2020,2021,2024,19,4,335364.21395,392057.3189847587,47.39351819478623,-2.727200323326671
Красноярский край,Naive,2002,2020,2021,2024,19,4,360011.05275000003,405477.5734974812,51.53356817928581,-3.723927391241877
Красноярский край,MA3,2002,2020,2021,2024,19,4,394083.9420833334,436011.7635055068,58.255802560164646,-4.462179263242501
Красноярский край,MA5,2002,2020,2021,2024,19,4,403172.23935000005,444243.1306050052,60.11131473785697,-4.670364512572677
Курганская область,Naive,2002,2020,2021,2024,19,4,20509.519750000003,24963.241883162016,34.85482261838558,-2.077000177915099
Курганская область,MA3,2002,2020,2021,2024,19,4,27365.83841666667,30844.969722609934,50.72923004247338,-3.697797020892158
Курганская область,MA5,2002,2020,2021,2024,19,4,31894.899149999994,34925.74461239566,62.47358865734387,-5.023055979046462
Курская область,Naive,2002,2020,2021,2024,19,4,85700.70674999998,89633.459246497,46.88071443598204,-10.651374129931416
Курская область,MA3,2002,2020,2021,2024,19,4,89161.21208333332,92947.66064411245,49.2854567517483,-11.528923573862015
Курская область,MA5,2002,2020,2021,2024,19,4,103623.40394999998,106898.81068201282,59.86694169871295,-15.572292101974185
Ленинградская область,Naive,2002,2020,2021,2024,19,4,306951.716,398687.1344516402,47.76957223915721,-1.4555281231497723
Ленинградская область,MA3,2002,2020,2021,2024,19,4,273379.8541666666,368432.1464451476,40.52174161140994,-1.0969858616277146
Ленинградская область,MA5,2002,2020,2021,2024,19,4,324412.42,412280.84296044114,51.78899240112457,-1.625831056542821
Липецкая область,Naive,2002,2020,2021,2024,19,4,29605.659499999994,45810.06359224205,14.417053295682841,-0.5205531297051595
Липецкая область,MA3,2002,2020,2021,2024,19,4,46816.070999999996,59765.16643551276,24.94050008635749,-1.5880703462108747
Липецкая область,MA5,2002,2020,2021,2024,19,4,53473.148800000024,65111.50633931336,29.311074269171694,-2.0718166897547436
Магаданская область,Naive,2002,2020,2021,2024,19,4,39550.891500000005,40650.37218993723,58.372432688483514,-17.73959648094488
Магаданская область,MA3,2002,2020,2021,2024,19,4,38053.5445,39195.05057719827,55.50973210014012,-16.42182475172598
Магаданская область,MA5,2002,2020,2021,2024,19,4,40391.57130000001,41468.76864362667,60.00811939141592,-18.501744487704002
Москва,Naive,2002,2020,2021,2024,19,4,2707842.83275,2968020.3876558985,50.044630175205306,-4.965296168158909
Москва,MA3,2002,2020,2021,2024,19,4,3349506.1400833335,3563133.9572238196,66.6208040159051,-7.597309296186154
Москва,MA5,2002,2020,2021,2024,19,4,3884609.16675,4070248.2225367604,82.25567027675844,-10.218635598611913
Московская область,Naive,2002,2020,2021,2024,19,4,431650.70825,497151.9799538584,31.826045310876395,-3.0626101682183657
Московская область,MA3,2002,2020,2021,2024,19,4,471380.21291666664,532012.2765206429,35.451336762240125,-3.652325713706138
Московская область,MA5,2002,2020,2021,2024,19,4,622338.33065,669434.6532974998,50.33728925585805,-6.36619453726249
Мурманская область,Naive,2002,2020,2021,2024,19,4,73418.929,76612.285229777,30.114987880251697,-11.250895670476778
Мурманская область,MA3,2002,2020,2021,2024,19,4,100827.33866666665,103175.8466658954,43.99200362430062,-21.219132071535146
Мурманская область,MA5,2002,2020,2021,2024,19,4,131876.17580000003,133680.32336979953,61.88776773993925,-36.299755283297365
Ненецкий автономный округ,Naive,2002,2020,2021,2024,19,4,10429.934749999997,12690.808053798535,11.485012838651834,-0.0010320980280229541
Ненецкий автономный округ,MA3,2002,2020,2021,2024,19,4,11904.967583333328,13121.119986079948,13.102393241283144,-0.07006772714614251
Ненецкий автономный округ,MA5,2002,2020,2021,2024,19,4,12620.411450000003,13558.01694345425,13.866077129881077,-0.14251470083789486
Нижегородская область,Naive,2002,2020,2021,2024,19,4,190322.90224999998,236339.24309745422,37.105395511190835,-1.8449555587817654
Нижегородская область,MA3,2002,2020,2021,2024,19,4,252689.03391666664,288938.0185589166,54.26722436681865,-3.2521951366821344
Нижегородская область,MA5,2002,2020,2021,2024,19,4,280635.59565,313671.43359388784,62.814747161857845,-4.011338554178036
Новгородская область,Naive,2002,2020,2021,2024,19,4,18110.601,22419.27627314343,28.619839899175876,-1.2154297417066684
Новгородская область,MA3,2002,2020,2021,2024,19,4,16230.713666666667,19796.271771143318,25.172256930514735,-0.7273550689710766
Новгородская область,MA5,2002,2020,2021,2024,19,4,14155.211,15706.153278493239,21.6212887693933,-0.08731271585759681
Новосибирская область,Naive,2002,2020,2021,2024,19,4,148393.9825,181413.23865181438,40.3849046720681,-2.0221116667599204
Новосибирская область,MA3,2002,2020,2021,2024,19,4,177350.26916666667,205774.40824703878,51.1876477099402,-2.8882598172186937
Новосибирская область,MA5,2002,2020,2021,2024,19,4,204316.6765,229423.82921557102,62.18032294010558,-3.8333651073113293
Омская область,Naive,2002,2020,2021,2024,19,4,12142.94225,14463.254083373553,5.883614893981299,-0.11501372733358828
Омская область,MA3,2002,2020,2021,2024,19,4,40394.534749999984,42653.56536042254,21.60686136901237,-8.697479295541523
Омская область,MA5,2002,2020,2021,2024,19,4,67852.33935000002,69221.00949534355,39.38872495235088,-24.540185067749935
Оренбургская область,Naive,2002,2020,2021,2024,19,4,69356.389,87968.69473158184,27.131518726195143,-1.6427625670187616
Оренбургская область,MA3,2002,2020,2021,2024,19,4,66153.866,83452.40522864209,25.636761316138106,-1.3783708157914378
Оренбургская область,MA5,2002,2020,2021,2024,19,4,75963.0626,93266.12159423395,30.36662062783817,-1.9706376791565043
Орловская область,Naive,2002,2020,2021,2024,19,4,5804.542500000001,6407.970356618429,9.914215691620571,-4.571993473652641
Орловская область,MA3,2002,2020,2021,2024,19,4,7850.425166666666,8306.53632715993,13.686421852827907,-8.362881966252802
Орловская область,MA5,2002,2020,2021,2024,19,4,11598.621700000002,11912.069333105193,20.961267759150655,-18.255022749199806
Пензенская область,Naive,2002,2020,2021,2024,19,4,21747.114250000006,26820.85594729616,19.64703407912823,-1.9192209033373824
Пензенская область,MA3,2002,2020,2021,2024,19,4,25941.863250000017,30321.635912739934,24.111592815202794,-2.7310146152669788
Пензенская область,MA5,2002,2020,2021,2024,19,4,34677.421850000006,38065.00915152808,34.02108122307106,-4.87994914690629
Пермский край,Naive,2002,2020,2021,2024,19,4,166367.88624999998,204485.83423324837,41.57704265026033,-1.9579736562878183
Пермский край,MA3,2002,2020,2021,2024,19,4,178280.46525,214289.77370964547,45.627733003227696,-2.248409254410335
Пермский край,MA5,2002,2020,2021,2024,19,4,189234.82985,223486.02563724888,49.47768096311214,-2.5332030058731956
Приморский край,Naive,2002,2020,2021,2024,19,4,121489.8845,139490.8945265016,39.52837283754837,-3.1417732769620965
Приморский край,MA3,2002,2020,2021,2024,19,4,165582.74516666666,179208.15583256676,59.340928495194476,-5.836127347214852
Приморский край,MA5,2002,2020,2021,2024,19,4,187442.96889999998,199581.52271697554,70.45517125418009,-7.478817091346533
Псковская область,Naive,2002,2020,2021,2024,19,4,13309.051500000003,16578.681102817347,27.657009721630587,-1.8126029620250446
Псковская область,MA3,2002,2020,2021,2024,19,4,17281.025499999996,19908.68297027483,38.19364832840002,-3.0559588099979607
Псковская область,MA5,2002,2020,2021,2024,19,4,19751.747900000002,22087.402753253158,45.260647552145095,-3.9922666601134154
Республика Адыгея,Naive,2002,2020,2021,2024,19,4,14556.351,17538.22640276612,29.078555626604896,-0.9610593535226188
Республика Адыгея,MA3,2002,2020,2021,2024,19,4,15709.391500000003,19223.26523947669,31.835188484007816,-1.3559914530436603
Республика Адыгея,MA5,2002,2020,2021,2024,19,4,21839.831300000005,25175.91739233691,48.78996777936294,-3.041010731457054
Республика Алтай,Naive,2002,2020,2021,2024,19,4,22577.977,27241.245842849294,73.56404080582364,-2.1334262442831786
Республика Алтай,MA3,2002,2020,2021,2024,19,4,21577.477833333334,25615.0917330964,69.37294785909464,-1.770495036512148
Республика Алтай,MA5,2002,2020,2021,2024,19,4,22457.3155,27042.46356409022,73.05386242802471,-2.0878632006742808
Республика Башкортостан,Naive,2002,2020,2021,2024,19,4,211576.5775,251222.46296073293,40.43698635222112,-2.4397459373078836
Республика Башкортостан,MA3,2002,2020,2021,2024,19,4,263540.7901666667,296313.7287253399,54.11084087114716,-3.7853419322783424
Республика Башкортостан,MA5,2002,2020,2021,2024,19,4,268321.4249,300573.55973173963,55.44906017893434,-3.923919881064964
Республика Бурятия,Naive,2002,2020,2021,2024,19,4,61471.843499999995,72147.57671526943,58.14640485538383,-2.649019649476135
Республика Бурятия,MA3,2002,2020,2021,2024,19,4,64457.58583333332,74707.86875596659,62.30356672461086,-2.912599535479917
Республика Бурятия,MA5,2002,2020,2021,2024,19,4,74194.4517,83254.4409966269,76.89373134380072,-3.8590069804583154
Республика Дагестан,Naive,2002,2020,2021,2024,19,4,61852.053000000014,75354.35716011802,19.530220783733,-1.034006035537724
Республика Дагестан,MA3,2002,2020,2021,2024,19,4,92853.633,106833.8423539068,31.57963216589168,-3.0883982667243757
Республика Дагестан,MA5,2002,2020,2021,2024,19,4,109197.82819999999,121308.85538326307,38.54188352728916,-4.271333683731343
Республика Ингушетия,Naive,2002,2020,2021,2024,19,4,1975.5725000000002,2266.928243875179,9.250210460872434,-0.4612926193829594
Республика Ингушетия,MA3,2002,2020,2021,2024,19,4,1643.2041666666646,1989.0039964590583,7.60363027897239,-0.12494931458128433
Республика Ингушетия,MA5,2002,2020,2021,2024,19,4,1368.084899999998,1878.6732249121026,6.356027211366707,-0.0036080485609895074
Республика Калмыкия,Naive,2002,2020,2021,2024,19,4,20734.860999999997,21047.471998630546,75.43491676426788,-32.91586836685327
Республика Калмыкия,MA3,2002,2020,2021,2024,19,4,5130.627500000001,5886.564715083409,27.32576269553993,-1.6529368116682108
Республика Калмыкия,MA5,2002,2020,2021,2024,19,4,2961.034,3617.3413280768573,16.72132866765386,-0.0018023373582563007
Республика Карелия,Naive,2002,2020,2021,2024,19,4,39139.99875,40302.59019754797,51.415782210029406,-16.586742487426665
Республика Карелия,MA3,2002,2020,2021,2024,19,4,44087.97274999999,45123.26025107483,59.98642924310038,-21.04552414597337
Республика Карелия,MA5,2002,2020,2021,2024,19,4,49099.23075,50030.927781955375,69.28677309338482,-26.101704174007295
Республика Коми,Naive,2002,2020,2021,2024,19,4,14588.487749999993,14959.699224767557,10.763152649642056,-0.3425510256730062
Республика Коми,MA3,2002,2020,2021,2024,19,4,10887.49491666667,12911.852503239914,8.053007864519705,-0.00014320724849015143
Республика Коми,MA5,2002,2020,2021,2024,19,4,17783.371949999993,19005.004076297835,12.978305144805645,-1.1668108981315388
Республика Крым,Naive,2002,2020,2021,2024,6,4,59949.131250000006,69461.06108872213,26.103771487788986,-0.6565295938606661
Республика Крым,MA3,2002,2020,2021,2024,6,4,50911.85725,53984.919186043575,21.823328711721924,-0.0006018084519043843
Республика Крым,MA5,2002,2020,2021,2024,6,4,59428.94355000001,68810.84477038955,25.848700896773124,-0.6256616155837611
Республика Марий Эл,Naive,2002,2020,2021,2024,19,4,11013.168749999999,12867.30155231324,25.528779763379156,-2.7393080561685226
Республика Марий Эл,MA3,2002,2020,2021,2024,19,4,16595.355416666665,17879.69196400413,41.91251417535494,-6.219985941897798
Республика Марий Эл,MA5,2002,2020,2021,2024,19,4,18417.16675,19582.37969245546,47.79147581015953,-7.66058485714697
Республика Мордовия,Naive,2002,2020,2021,2024,19,4,20649.24525,24653.13176832866,33.72458713117914,-2.350745508028572
Республика Мордовия,MA3,2002,2020,2021,2024,19,4,16892.05958333333,21592.30372494375,26.28757902203298,-1.570367439959762
Республика Мордовия,MA5,2002,2020,2021,2024,19,4,15936.631050000005,20134.02296260841,24.532515662505457,-1.2349014087864494
Республика Саха (Якутия),Naive,2002,2020,2021,2024,19,4,391222.34974999994,417664.8425549894,82.55396385828551,-7.155779680095678
Республика Саха (Якутия),MA3,2002,2020,2021,2024,19,4,289107.5444166666,323994.08328117296,53.70910753160045,-3.907765515593902
Республика Саха (Якутия),MA5,2002,2020,2021,2024,19,4,301114.86075,334752.375834832,56.783524272572436,-4.239103548814431
Республика Северная Осетия — Алания,Naive,2002,2020,2021,2024,19,4,12710.9545,13882.660432472983,32.93210705138128,-5.185138047921975
Республика Северная Осетия — Алания,MA3,2002,2020,2021,2024,19,4,11718.379833333329,12979.99700695474,29.887559705519823,-4.406960287466209
Республика Северная Осетия — Алания,MA5,2002,2020,2021,2024,19,4,14029.874099999997,15099.578260472426,37.10541132514768,-6.317009686007281
Республика Татарстан,Naive,2002,2020,2021,2024,19,4,432758.37224999996,517348.4387523365,47.60384203923203,-2.330231986359559
Республика Татарстан,MA3,2002,2020,2021,2024,19,4,419631.25924999994,506418.7911864558,45.644626091566,-2.191007512856518
Республика Татарстан,MA5,2002,2020,2021,2024,19,4,416298.30844999995,503660.4808254682,45.152252782450894,-2.156341268662126
Республика Тыва,Naive,2002,2020,2021,2024,19,4,10213.179499999998,12832.49480275254,39.71882843896327,-0.6022384223724979
Республика Тыва,MA3,2002,2020,2021,2024,19,4,11313.355666666666,14287.638676656969,45.12491312115039,-0.9862132074694849
Республика Тыва,MA5,2002,2020,2021,2024,19,4,12783.4975,16315.471153309883,53.10705944209789,-1.590026379920412
Республика Хакасия,Naive,2002,2020,2021,2024,19,4,22832.685250000002,24047.257298666,48.561552381875295,-9.155954519362426
Республика Хакасия,MA3,2002,2020,2021,2024,19,4,23637.85125,24813.04252968193,50.75772479859074,-9.813086737996526
Республика Хакасия,MA5,2002,2020,2021,2024,19,4,26970.22185,28005.926774539974,60.2784450058174,-12.774934573788617
Ростовская область,Naive,2002,2020,2021,2024,19,4,228790.07875000002,263192.0616130158,48.40320842616042,-3.0927268363594544
Ростовская область,MA3,2002,2020,2021,2024,19,4,264485.92308333336,294750.68222299544,58.947297688352066,-4.133065726288567
Ростовская область,MA5,2002,2020,2021,2024,19,4,257752.87634999995,288724.2740546362,56.88886837662942,-3.9253124169430675
Рязанская область,Naive,2002,2020,2021,2024,19,4,38493.193,43840.21193056962,44.641856147396396,-3.365736221070164
Рязанская область,MA3,2002,2020,2021,2024,19,4,36234.89033333333,41871.2974751285,41.289363978034444,-2.982401469110854
Рязанская область,MA5,2002,2020,2021,2024,19,4,39504.564399999996,44730.8493460135,46.17412840880254,-3.544922597215125
Самарская область,Naive,2002,2020,2021,2024,19,4,174484.68225,187604.63317119755,42.87294164859476,-6.408652062459971
Самарская область,MA3,2002,2020,2021,2024,19,4,193928.0279166667,205812.23010079743,49.00686837223351,-7.916500470525921
Самарская область,MA5,2002,2020,2021,2024,19,4,206296.80065,217506.2390044064,53.07419948182481,-8.958536455366778
Санкт-Петербург,Naive,2002,2020,2021,2024,19,4,423450.039,486327.25051094824,40.99706049285194,-3.134555686485827
Санкт-Петербург,MA3,2002,2020,2021,2024,19,4,401439.7889999999,467288.0944907558,38.29994691685984,-2.817166183764447
Санкт-Петербург,MA5,2002,2020,2021,2024,19,4,446239.7769999999,506294.5759510433,43.855771470112394,-3.4810334378533945
Саратовская область,Naive,2002,2020,2021,2024,19,4,79305.78025,98000.24797777337,35.13148256945547,-1.897461963490465
Саратовская область,MA3,2002,2020,2021,2024,19,4,85029.61958333333,102687.28270399489,38.45242655286075,-2.1812420748132753
Саратовская область,MA5,2002,2020,2021,2024,19,4,92271.08125,108759.34101348667,42.793664969964816,-2.568588972986923
Сахалинская область,Naive,2002,2020,2021,2024,19,4,62453.31225,75599.79250796871,22.711742243300915,-2.1490933535244463
Сахалинская область,MA3,2002,2020,2021,2024,19,4,60123.10558333331,73686.4997217032,21.723325882432782,-1.9917147475632713
Сахалинская область,MA5,2002,2020,2021,2024,19,4,62887.588449999996,75958.94415609326,22.89693289994682,-2.17908519752372
Свердловская область,Naive,2002,2020,2021,2024,19,4,231975.3295,291299.5768985433,39.15397368280777,-1.733490454290684
Свердловская область,MA3,2002,2020,2021,2024,19,4,252830.03149999998,308165.4017454389,43.97247688117296,-2.059184077859471
Свердловская область,MA5,2002,2020,2021,2024,19,4,281567.9849,332149.69535630074,50.949618730925685,-2.55390300673696
Севастополь,Naive,2002,2020,2021,2024,6,4,59783.93099999999,65684.43176234096,95.63654611503848,-4.82776180286944
Севастополь,MA3,2002,2020,2021,2024,6,4,49812.957,56759.641077201275,71.38408536650186,-3.351672256367668
Севастополь,MA5,2002,2020,2021,2024,6,4,51318.298999999985,58085.230329079925,74.76698378545834,-3.5573074659713653
Смоленская область,Naive,2002,2020,2021,2024,19,4,20130.092,26424.515886401943,24.590158069261996,-1.3828429504566642
Смоленская область,MA3,2002,2020,2021,2024,19,4,17504.96816666667,23641.141020382718,20.768829041861387,-0.9072964821515754
Смоленская область,MA5,2002,2020,2021,2024,19,4,20580.865800000003,26769.506401498224,25.26881295236583,-1.445468467804624
Ставропольский край,Naive,2002,2020,2021,2024,19,4,84914.64974999998,98692.60949319549,29.47250232524354,-2.850299429530925
Ставропольский край,MA3,2002,2020,2021,2024,19,4,121673.58508333328,131659.3890819882,45.96688491627129,-5.852182349518708
Ставропольский край,MA5,2002,2020,2021,2024,19,4,147318.69234999997,155668.01386966158,58.96847962727663,-8.579084613868785
Тамбовская область,Naive,2002,2020,2021,2024,19,4,13011.518250000001,15236.968066948268,15.576438280253878,-2.693040988919997
Тамбовская область,MA3,2002,2020,2021,2024,19,4,7418.867749999998,8405.824225048258,8.42585918992015,-0.12395163013725985
Тамбовская область,MA5,2002,2020,2021,2024,19,4,10519.449149999993,12592.976563382514,11.68686938211353,-1.5225733504987518
Тверская область,Naive,2002,2020,2021,2024,19,4,39460.0225,55311.079438721776,32.26390157108692,-1.0365267170013763
Тверская область,MA3,2002,2020,2021,2024,19,4,36273.2915,50104.25354955388,28.948995276855893,-0.6711484730853379
Тверская область,MA5,2002,2020,2021,2024,19,4,36273.2915,48979.73118428505,29.016425508279482,-0.5969769145473087
Томская область,Naive,2002,2020,2021,2024,19,4,39851.6425,49403.600806608665,30.491573563032727,-1.8628002823135068
Томская область,MA3,2002,2020,2021,2024,19,4,41471.28516666668,50719.12712267361,32.046883667691496,-2.0172923044670106
Томская область,MA5,2002,2020,2021,2024,19,4,40812.86790000001,50182.19354446146,31.41205851844795,-1.9537458596299828
Тульская область,Naive,2002,2020,2021,2024,19,4,87689.59150000001,93713.403422052,46.97216450832686,-7.036881494428567
Тульская область,MA3,2002,2020,2021,2024,19,4,68853.33783333332,76377.48132989541,34.778056156456536,-4.338445444405073
Тульская область,MA5,2002,2020,2021,2024,19,4,83356.61370000002,89671.97204834086,44.05536291301605,-6.358640476835443
Тюменская область (без автономных округов),Naive,2002,2020,2021,2024,8,4,77615.53400000001,84814.3304911373,23.63679787757115,-0.39826737910933785
Тюменская область (без автономных округов),MA3,2002,2020,2021,2024,8,4,68311.85433333335,76519.1756238607,20.661021013990855,-0.138131162223875
Тюменская область (без автономных округов),MA5,2002,2020,2021,2024,8,4,77978.23450000002,85203.68102282583,23.755668618441472,-0.41113467992305086
Удмуртская Республика,Naive,2002,2020,2021,2024,19,4,45300.02975000001,58606.01074129329,28.954403471181628,-1.4842575957783524
Удмуртская Республика,MA3,2002,2020,2021,2024,19,4,58022.32375,68914.16293482432,39.665291945784595,-2.4350200504475246
Удмуртская Республика,MA5,2002,2020,2021,2024,19,4,66951.80395,76584.04436837307,47.813142222588866,-3.242178130111607
Ульяновская область,Naive,2002,2020,2021,2024,19,4,34999.7755,38838.23713812408,34.192690391224154,-4.32208509939262
Ульяновская область,MA3,2002,2020,2021,2024,19,4,35145.34383333333,38969.46974376199,34.36529918968987,-4.3581120218146285
Ульяновская область,MA5,2002,2020,2021,2024,19,4,36771.692500000005,40442.326197454524,36.31132111414944,-4.770787094389476
Хабаровский край,Naive,2002,2020,2021,2024,19,4,155426.02675000002,216183.33880804147,40.405671848387,-1.0699470533517834
Хабаровский край,MA3,2002,2020,2021,2024,19,4,210360.98375,258514.46704424205,63.51139086297643,-1.9599508617797667
Хабаровский край,MA5,2002,2020,2021,2024,19,4,237475.51755,281020.65337362856,76.74826722083723,-2.4977702160327877
Ханты-Мансийский автономный округ — Югра,Naive,2002,2020,2021,2024,19,4,408494.11449999997,478474.24664793734,31.91350285922441,-2.6883680206755503
Ханты-Мансийский автономный округ — Югра,MA3,2002,2020,2021,2024,19,4,440126.49983333336,505748.45425340976,34.99327076767078,-3.1208446394448703
Ханты-Мансийский автономный округ — Югра,MA5,2002,2020,2021,2024,19,4,486000.31909999996,546137.7786689674,39.6095439502932,-3.8053115744643424
Челябинская область,Naive,2002,2020,2021,2024,19,4,101567.04825000002,131775.13887692176,25.09509307923359,-1.463487854304307
Челябинская область,MA3,2002,2020,2021,2024,19,4,131074.68758333332,155657.94441943083,34.39993587755262,-2.437368099451638
Челябинская область,MA5,2002,2020,2021,2024,19,4,168694.94605000003,188432.49921026523,47.457972420497285,-4.037268224668999
Чеченская Республика,Naive,2002,2020,2021,2024,19,4,64330.59425000001,77773.24796835508,53.15484180201631,-2.166428171218031
Чеченская Республика,MA3,2002,2020,2021,2024,19,4,63924.32325,77437.5351232179,52.67435930606774,-2.1391510196584376
Чеченская Республика,MA5,2002,2020,2021,2024,19,4,69685.99005000001,82258.06922264717,59.67161685411676,-2.5421438221048915
Чувашская Республика,Naive,2002,2020,2021,2024,19,4,39753.57575,45053.975239641106,49.366346035532985,-3.5156794594561633
Чувашская Республика,MA3,2002,2020,2021,2024,19,4,36375.659083333325,42103.473416454566,43.889732342736345,-2.943598793710998
Чувашская Республика,MA5,2002,2020,2021,2024,19,4,39569.11334999999,44891.29794613153,49.060800549499305,-3.483128622638019
Чукотский автономный округ,Naive,2002,2020,2021,2024,19,4,48873.9065,52337.95340003406,83.72820402656514,-6.813008618188994
Чукотский автономный округ,MA3,2002,2020,2021,2024,19,4,54993.47416666667,58093.75896301795,100.49151905909959,-8.625954132017633
Чукотский автономный округ,MA5,2002,2020,2021,2024,19,4,60084.572700000004,62934.557328029085,116.09553238209749,-10.297001712012884
Ямало-Ненецкий автономный округ,Naive,2002,2020,2021,2024,19,4,430533.4105,466923.9292906125,34.7104493933665,-5.675598407180956
Ямало-Ненецкий автономный округ,MA3,2002,2020,2021,2024,19,4,436617.54816666676,472539.7565861469,35.30440753876951,-5.837142722554372
Ямало-Ненецкий автономный округ,MA5,2002,2020,2021,2024,19,4,398361.16930000007,437436.3489623224,31.61913959807944,-4.859056356803839
Ярославская область,Naive,2002,2020,2021,2024,19,4,42618.182250000005,49758.80542096883,35.450104292351355,-2.7535307667720823
Ярославская область,MA3,2002,2020,2021,2024,19,4,45953.92158333334,52644.01359617987,38.96134314495927,-3.201439113360034
Ярославская область,MA5,2002,2020,2021,2024,19,4,46867.06965,53442.974058388376,39.941085983238914,-3.3299344879696227
