region,year,investments,prediction
Алтайский край,2021,124875.816,121424.47
Алтайский край,2022,146080.995,124248.29
Алтайский край,2023,185655.0,115306.16
Алтайский край,2024,233015.0,110129.18
Амурская область,2021,412200.776,361611.66
Амурская область,2022,488038.236,354129.97
Амурская область,2023,745544.0,339166.75
Амурская область,2024,956122.0,320047.03
Астраханская область,2021,115484.02,107778.15
Астраханская область,2022,87352.369,97778.125
Астраханская область,2023,89373.0,90000.33
Астраханская область,2024,115767.0,82778.12
Белгородская область,2021,168772.373,160736.03
Белгородская область,2022,196747.623,147464.17
Белгородская область,2023,212189.0,139353.69
Белгородская область,2024,236308.0,126819.195
Брянская область,2021,83717.869,69694.45
Брянская область,2022,90963.822,65301.934
Брянская область,2023,95255.0,63544.934
Брянская область,2024,118061.0,62959.266
Владимирская область,2021,102361.057,96019.97
Владимирская область,2022,184392.079,92563.23
Владимирская область,2023,181773.0,90642.85
Владимирская область,2024,143200.0,87186.11
Волгоградская область,2021,186115.882,172771.25
Волгоградская область,2022,219917.443,166956.8
Волгоградская область,2023,291397.0,152005.45
Волгоградская область,2024,364603.0,147021.67
Вологодская область,2021,206986.8,206901.1
Вологодская область,2022,175148.019,193664.95
Вологодская область,2023,170103.0,190878.42
Вологодская область,2024,250377.0,180428.83
Воронежская область,2021,285010.239,218852.19
Воронежская область,2022,344142.907,184656.55
Воронежская область,2023,374112.0,145901.5
Воронежская область,2024,350087.0,116265.29
Еврейская автономная область,2021,16827.403,16543.453
Еврейская автономная область,2022,20900.932,14647.851
Еврейская автономная область,2023,31033.0,13096.902
Еврейская автономная область,2024,33826.0,11632.124
Забайкальский край,2021,163401.063,124926.65
Забайкальский край,2022,187252.068,117986.305
Забайкальский край,2023,305309.0,116353.28
Забайкальский край,2024,279288.0,114720.26
Ивановская область,2021,45269.226,45337.062
Ивановская область,2022,62133.22,42808.3
Ивановская область,2023,69560.0,40821.434
Ивановская область,2024,70203.0,39015.176
Иркутская область,2021,516288.845,407144.47
Иркутская область,2022,845789.975,389923.88
Иркутская область,2023,910224.0,383773.56
Иркутская область,2024,998764.0,382543.6
Кабардино-Балкарская Республика,2021,48578.787,47695.234
Кабардино-Балкарская Республика,2022,58672.49,41494.85
Кабардино-Балкарская Республика,2023,68303.0,36407.363
Кабардино-Балкарская Республика,2024,79283.0,33386.676
Калининградская область,2021,102299.634,100569.984
Калининградская область,2022,122427.501,88853.04
Калининградская область,2023,185528.0,87388.46
Калининградская область,2024,181861.0,80553.62
Калужская область,2021,132591.976,112037.03
Калужская область,2022,143758.893,111075.34
Калужская область,2023,129932.0,108190.27
Калужская область,2024,144173.0,106266.89
Камчатский край,2021,78471.338,58302.258
Камчатский край,2022,94667.854,53569.95
Камчатский край,2023,135940.0,45998.207
Камчатский край,2024,104324.0,42969.523
Карачаево-Черкесская Республика,2021,32340.805,20624.44
Карачаево-Черкесская Республика,2022,35412.962,19283.86
Карачаево-Черкесская Республика,2023,34710.0,18355.752
Карачаево-Черкесская Республика,2024,36581.0,16396.44
Кемеровская область,2021,340021.712,259208.55
Кемеровская область,2022,375379.233,252008.33
Кемеровская область,2023,414429.0,216007.02
Кемеровская область,2024,434437.0,213606.95
Кировская область,2021,77176.513,61782.766
Кировская область,2022,90409.624,56583.25
Кировская область,2023,111779.0,54136.406
Кировская область,2024,139226.0,46795.887
Костромская область,2021,45063.086,27015.246
Костромская область,2022,37933.435,26612.025
Костромская область,2023,48017.0,25402.398
Костромская область,2024,44406.0,23520.74
Краснодарский край,2021,558589.637,483371.6
Краснодарский край,2022,753059.074,444958.0
Краснодарский край,2023,869790.0,409745.34
Краснодарский край,2024,1119624.0,352124.97
Красноярский край,2021,592070.61,471564.66
Красноярский край,2022,751962.237,435900.16
Красноярский край,2023,926948.0,414105.03
Красноярский край,2024,1089874.0,406179.6
Курганская область,2021,47180.247,42591.906
Курганская область,2022,56058.8,40939.625
Курганская область,2023,71460.0,37267.914
Курганская область,2024,84265.0,34146.945
Курская область,2021,193789.794,132876.31
Курская область,2022,203145.301,125113.76
Курская область,2023,232824.0,119177.68
Курская область,2024,260615.0,110045.3
Ленинградская область,2021,431975.984,373820.4
Ленинградская область,2022,567274.436,320178.06
Ленинградская область,2023,739252.0,298385.75
Ленинградская область,2024,1110531.0,256477.78
Липецкая область,2021,179400.0,168174.89
Липецкая область,2022,166200.0,168839.66
Липецкая область,2023,187205.0,156874.66
Липецкая область,2024,261626.0,150227.44
Магаданская область,2021,75193.369,38500.832
Магаданская область,2022,81501.917,33329.07
Магаданская область,2023,90097.0,29498.145
Магаданская область,2024,100182.0,25858.78
Москва,2021,4868342.125,4.0702382e+06
Москва,2022,6047454.874,4.0895285e+06
Москва,2023,7154321.0,4.0702382e+06
Москва,2024,8118831.0,4.1184645e+06
Московская область,2021,1182601.529,1.04795844e+06
Московская область,2022,1376014.656,1.0181234e+06
Московская область,2023,1658654.0,980829.06
Московская область,2024,1820021.0,950993.94
Мурманская область,2021,261433.469,209128.75
Мурманская область,2022,263643.151,208607.27
Мурманская область,2023,271006.0,201827.52
Мурманская область,2024,315243.0,194526.27
Ненецкий автономный округ,2021,74829.79,80015.555
Ненецкий автономный округ,2022,85906.725,77689.555
Ненецкий автономный округ,2023,86428.0,73502.67
Ненецкий автономный округ,2024,109658.0,70711.43
Нижегородская область,2021,384491.118,376575.34
Нижегородская область,2022,467617.439,376575.34
Нижегородская область,2023,664499.0,360944.03
Нижегородская область,2024,728171.0,346733.62
Новгородская область,2021,47029.3,43768.535
Новгородская область,2022,57949.856,36375.188
Новгородская область,2023,75984.0,32826.39
Новгородская область,2024,85616.0,28390.414
Новосибирская область,2021,331104.558,264956.5
Новосибирская область,2022,343349.004,263036.5
Новосибирская область,2023,391356.0,253436.66
Новосибирская область,2024,590590.0,233276.88
Омская область,2021,191473.472,208072.2
Омская область,2022,194430.759,205587.77
Омская область,2023,208399.0,196892.22
Омская область,2024,226077.0,187575.52
Оренбургская область,2021,201912.543,188566.14
Оренбургская область,2022,241654.653,178963.2
Оренбургская область,2023,293560.0,162376.33
Оренбургская область,2024,345632.0,142297.6
Орловская область,2021,58814.961,52478.36
Орловская область,2022,60475.209,51790.887
Орловская область,2023,58726.0,49270.08
Орловская область,2024,65398.0,45603.473
Пензенская область,2021,97902.251,94338.375
Пензенская область,2022,105671.018,94338.375
Пензенская область,2023,123173.0,91113.13
Пензенская область,2024,138368.0,88291.02
Пермский край,2021,307972.875,272968.2
Пермский край,2022,378356.578,258788.03
Пермский край,2023,481410.0,244607.88
Пермский край,2024,623985.0,230427.73
Приморский край,2021,253355.638,233341.31
Приморский край,2022,321001.004,198474.3
Приморский край,2023,403855.0,158243.02
Приморский край,2024,425590.0,122481.92
Псковская область,2021,47610.368,39469.652
Псковская область,2022,42880.35,38411.09
Псковская область,2023,47922.0,37957.406
Псковская область,2024,68496.0,36596.395
Республика Адыгея,2021,35878.097,37930.7
Республика Адыгея,2022,46656.481,33982.074
Республика Адыгея,2023,59401.0,31588.973
Республика Адыгея,2024,68917.0,28118.967
Республика Алтай,2021,14703.846,12073.003
Республика Алтай,2022,32022.69,9909.63
Республика Алтай,2023,49028.0,7746.258
Республика Алтай,2024,53773.0,6210.9644
Республика Башкортостан,2021,422571.607,347902.1
Республика Башкортостан,2022,519533.643,320556.1
Республика Башкортостан,2023,643468.0,293210.1
Республика Башкортостан,2024,783798.0,285613.88
Республика Бурятия,2021,72843.354,59036.09
Республика Бурятия,2022,110065.636,54096.836
Республика Бурятия,2023,167467.0,51039.176
Республика Бурятия,2024,156141.0,46335.11
Республика Дагестан,2021,257188.322,296419.22
Республика Дагестан,2022,302274.798,299233.38
Республика Дагестан,2023,350615.0,302047.4
Республика Дагестан,2024,398583.0,289853.03
Республика Ингушетия,2021,21571.72,17205.898
Республика Ингушетия,2022,21737.174,13307.029
Республика Ингушетия,2023,24251.0,9577.664
Республика Ингушетия,2024,18950.0,6272.106
Республика Калмыкия,2021,17841.572,32053.744
Республика Калмыкия,2022,15816.436,26454.48
Республика Калмыкия,2023,13330.0,21829.002
Республика Калмыкия,2024,23149.0,18988.805
Республика Карелия,2021,78686.901,55962.86
Республика Карелия,2022,96501.202,56173.234
Республика Карелия,2023,100184.0,54279.77
Республика Карелия,2024,103628.0,52807.05
Республика Коми,2021,127664.666,115105.984
Республика Коми,2022,119998.391,103506.22
Республика Коми,2023,128434.0,90121.75
Республика Коми,2024,154193.0,86552.58
Республика Марий Эл,2021,38255.592,32667.02
Республика Марий Эл,2022,42491.319,30272.58
Республика Марий Эл,2023,51980.0,28049.162
Республика Марий Эл,2024,54462.0,26509.89
Республика Мордовия,2021,50775.468,45619.324
Республика Мордовия,2022,59855.829,39260.254
Республика Мордовия,2023,74025.0,34836.57
Республика Мордовия,2024,86073.0,29030.46
Республика Саха (Якутия),2021,414796.814,197795.72
Республика Саха (Якутия),2022,645672.637,157152.8
Республика Саха (Якутия),2023,745554.0,125993.14
Республика Саха (Якутия),2024,795212.0,113800.35
Республика Северная Осетия — Алания,2021,35785.53,29002.852
Республика Северная Осетия — Алания,2022,43161.568,27050.72
Республика Северная Осетия — Алания,2023,45157.0,24680.307
Республика Северная Осетия — Алания,2024,51428.0,22449.322
Республика Татарстан,2021,689232.352,594032.9
Республика Татарстан,2022,888648.777,537458.0
Республика Татарстан,2023,1180448.0,492198.4
Республика Татарстан,2024,1435078.0,438452.84
Республика Тыва,2021,14612.41,18233.627
Республика Тыва,2022,22782.028,16869.207
Республика Тыва,2023,28919.0,16062.955
Республика Тыва,2024,42372.0,14822.573
Республика Хакасия,2021,49918.474,32995.58
Республика Хакасия,2022,51700.995,31480.488
Республика Хакасия,2023,59377.0,29965.375
Республика Хакасия,2024,69038.0,29123.662
Ростовская область,2021,393753.172,319502.25
Ростовская область,2022,470545.907,295679.66
Ростовская область,2023,645792.0,271857.03
Ростовская область,2024,717290.0,257843.81
Рязанская область,2021,75730.437,58587.887
Рязанская область,2022,92430.663,54905.203
Рязанская область,2023,102479.0,49883.41
Рязанская область,2024,133354.0,45865.96
Самарская область,2021,386809.06,300786.22
Самарская область,2022,453920.257,293981.2
Самарская область,2023,522714.0,270843.72
Самарская область,2024,568597.0,266760.56
Санкт-Петербург,2021,896715.831,729365.25
Санкт-Петербург,2022,1050123.161,677048.1
Санкт-Петербург,2023,1279472.0,637040.6
Санкт-Петербург,2024,1529463.0,612420.7
Саратовская область,2021,173755.24,170256.6
Саратовская область,2022,208564.673,169550.19
Саратовская область,2023,286540.0,170256.6
Саратовская область,2024,316675.0,169550.19
Сахалинская область,2021,241353.939,227926.45
Сахалинская область,2022,269386.05,217406.7
Сахалинская область,2023,305841.0,204549.4
Сахалинская область,2024,355208.0,185847.77
Свердловская область,2021,420242.859,414786.0
Свердловская область,2022,569580.103,399702.9
Свердловская область,2023,707737.0,360109.62
Свердловская область,2024,898167.0,365765.66
Смоленская область,2021,71255.813,62707.35
Смоленская область,2022,66401.347,59571.984
Смоленская область,2023,94292.0,57690.766
Смоленская область,2024,108474.0,53301.254
Ставропольский край,2021,254163.851,237789.55
Ставропольский край,2022,286449.028,248032.78
Ставропольский край,2023,344690.0,250959.4
Ставропольский край,2024,383864.0,242911.11
Тамбовская область,2021,79396.717,55616.473
Тамбовская область,2022,81328.812,38468.05
Тамбовская область,2023,91364.0,25027.387
Тамбовская область,2024,99037.0,19002.305
Тверская область,2021,87064.102,80753.01
Тверская область,2022,89035.732,76452.53
Тверская область,2023,141310.0,71196.45
Тверская область,2024,179883.0,64984.656
Томская область,2021,107763.975,98590.22
Томская область,2022,123553.327,93519.836
Томская область,2023,148598.0,91266.35
Томская область,2024,185088.0,86196.04
Тульская область,2021,182405.476,110777.61
Тульская область,2022,212314.938,96575.33
Тульская область,2023,235052.0,83509.305
Тульская область,2024,272922.0,76692.23
Удмуртская Республика,2021,125354.258,122100.125
Удмуртская Республика,2022,144341.401,117144.06
Удмуртская Республика,2023,169047.0,109935.2
Удмуртская Республика,2024,224310.0,104528.56
Ульяновская область,2021,98322.291,75741.58
Ульяновская область,2022,106501.143,72634.234
Ульяновская область,2023,118409.0,71468.96
Ульяновская область,2024,142951.0,64865.875
Хабаровский край,2021,246365.704,264352.12
Хабаровский край,2022,281415.767,274203.75
Хабаровский край,2023,441725.0,275845.7
Хабаровский край,2024,625635.0,276666.72
Ханты-Мансийский автономный округ — Югра,2021,1056855.855,989680.1
Ханты-Мансийский автономный округ — Югра,2022,1328036.703,989680.1
Ханты-Мансийский автономный округ — Югра,2023,1552284.0,981148.44
Ханты-Мансийский автономный округ — Югра,2024,1720949.0,972616.7
Челябинская область,2021,326631.03,310355.16
Челябинская область,2022,373241.299,299226.97
Челябинская область,2023,446087.0,291808.12
Челябинская область,2024,549102.0,274497.5
Чеченская Республика,2021,83282.329,75137.195
Чеченская Республика,2022,118560.284,73482.21
Чеченская Республика,2023,162505.0,69179.18
Чеченская Республика,2024,198826.0,65869.18
Чувашская Республика,2021,63872.138,50138.902
Чувашская Республика,2022,98862.809,44778.125
Чувашская Республика,2023,123536.0,40678.703
Чувашская Республика,2024,96177.0,36263.965
Чукотский автономный округ,2021,50752.848,21289.85
Чукотский автономный округ,2022,81379.434,17876.29
Чукотский автономный округ,2023,86973.0,15900.019
Чукотский автономный округ,2024,102293.0,14822.052
Ямало-Ненецкий автономный округ,2021,1147020.059,920305.9
Ямало-Ненецкий автономный округ,2022,1417860.003,883818.3
Ямало-Ненецкий автономный округ,2023,1473657.0,831113.3
Ямало-Ненецкий автономный округ,2024,1650772.0,786516.8
Ярославская область,2021,111392.657,92820.12
Ярославская область,2022,116594.188,91406.586
Ярославская область,2023,136531.0,89521.914
Ярославская область,2024,176719.0,88579.58
