region,year,years,methods,n_methods
Алтайский край,2006,2006,"Binseg, PELT",2
Алтайский край,2017,2017,"Binseg, PELT",2
Амурская область,2006,"2005, 2006, 2007","Binseg, CUSUM, PELT",3
Амурская область,2016,"2016, 2017","Binseg, PELT",2
Амурская область,2022,2022,"Binseg, CUSUM",2
Архангельская область (без автономного округа),2016,2016,"Binseg, PELT",2
Астраханская область,2004,2004,"Binseg, CUSUM",2
Астраханская область,2006,2006,"Binseg, PELT",2
Астраханская область,2012,2012,"Binseg, PELT",2
Белгородская область,2005,"2004, 2005, 2006","Binseg, CUSUM, PELT",3
Белгородская область,2010,2010,"Binseg, PELT",2
Брянская область,2004,"2004, 2005","Binseg, CUSUM, PELT",3
Владимирская область,2006,2006,"Binseg, PELT",2
Владимирская область,2018,2018,"Binseg, PELT",2
Владимирская область,2021,"2021, 2022","Binseg, CUSUM",2
Волгоградская область,2006,2006,"Binseg, PELT",2
Волгоградская область,2010,"2010, 2011","Binseg, PELT",2
Вологодская область,2003,"2003, 2004","Binseg, CUSUM, PELT",3
Вологодская область,2016,2016,"Binseg, PELT",2
Воронежская область,2005,"2004, 2005, 2006, 2007","Binseg, CUSUM, PELT",3
Воронежская область,2011,"2011, 2012","Binseg, PELT",2
Еврейская автономная область,2003,"2003, 2004","Binseg, CUSUM, PELT",3
Еврейская автономная область,2009,2009,"Binseg, PELT",2
Еврейская автономная область,2021,"2021, 2022","Binseg, CUSUM",2
Забайкальский край,2003,"2003, 2004","Binseg, CUSUM",2
Забайкальский край,2006,"2006, 2007","Binseg, PELT",2
Забайкальский край,2019,2019,"Binseg, PELT",2
Ивановская область,2003,"2003, 2004","Binseg, CUSUM, PELT",3
Ивановская область,2006,"2006, 2007","Binseg, PELT",2
Ивановская область,2019,2019,"Binseg, PELT",2
Иркутская область,2005,"2004, 2005, 2006","Binseg, CUSUM, PELT",3
Иркутская область,2017,"2017, 2018","Binseg, PELT",2
Кабардино-Балкарская Республика,2006,"2006, 2007","Binseg, PELT",2
Кабардино-Балкарская Республика,2015,2015,"Binseg, PELT",2
Кабардино-Балкарская Республика,2021,2021,"Binseg, CUSUM",2
Калининградская область,2003,"2003, 2004","Binseg, CUSUM, PELT",3
Калининградская область,2015,"2015, 2016","Binseg, PELT",2
Калужская область,2004,2004,"Binseg, CUSUM",2
Калужская область,2006,2006,"Binseg, PELT",2
Камчатский край,2007,"2006, 2007, 2008","Binseg, PELT",2
Камчатский край,2019,2019,"Binseg, PELT",2
Карачаево-Черкесская Республика,2004,2004,"Binseg, CUSUM, PELT",3
Карачаево-Черкесская Республика,2010,"2010, 2011","Binseg, PELT",2
Карачаево-Черкесская Республика,2020,"2020, 2021","Binseg, CUSUM",2
Кемеровская область,2003,"2003, 2004","Binseg, CUSUM, PELT",3
Кировская область,2004,2004,"Binseg, CUSUM, PELT",3
Костромская область,2003,"2003, 2004","Binseg, CUSUM, PELT",3
Костромская область,2011,2011,"Binseg, PELT",2
Костромская область,2020,"2020, 2021","Binseg, CUSUM, PELT",3
Краснодарский край,2004,"2004, 2005","Binseg, CUSUM",2
Краснодарский край,2007,2007,"Binseg, PELT",2
Красноярский край,2004,2004,"Binseg, CUSUM",2
Красноярский край,2007,2007,"Binseg, PELT",2
Красноярский край,2020,"2020, 2021","Binseg, CUSUM, PELT",3
Курганская область,2005,"2004, 2005, 2006","Binseg, CUSUM, PELT",3
Курганская область,2018,"2018, 2019","Binseg, PELT",2
Курская область,2005,"2004, 2005, 2006","Binseg, CUSUM, PELT",3
Курская область,2017,2017,"Binseg, PELT",2
Ленинградская область,2004,"2003, 2004, 2005","Binseg, CUSUM, PELT",3
Ленинградская область,2017,2017,"Binseg, PELT",2
Липецкая область,2004,"2003, 2004, 2005, 2006","Binseg, CUSUM, PELT",3
Липецкая область,2015,2015,"Binseg, PELT",2
Магаданская область,2006,2006,"Binseg, PELT",2
Магаданская область,2011,"2011, 2012","Binseg, PELT",2
Магаданская область,2020,2020,"Binseg, CUSUM",2
Москва,2005,"2005, 2006","Binseg, CUSUM, PELT",3
Москва,2017,"2017, 2018","Binseg, PELT",2
Московская область,2003,"2003, 2004","Binseg, CUSUM",2
Московская область,2006,2006,"Binseg, PELT",2
Московская область,2017,2017,"Binseg, PELT",2
Мурманская область,2005,2005,"Binseg, CUSUM",2
Мурманская область,2017,2017,"Binseg, PELT",2
Ненецкий автономный округ,2004,"2004, 2005","Binseg, CUSUM, PELT",3
Ненецкий автономный округ,2013,2013,"Binseg, PELT",2
Нижегородская область,2003,"2003, 2004","Binseg, CUSUM",2
Нижегородская область,2006,2006,"Binseg, PELT",2
Нижегородская область,2019,2019,"Binseg, PELT",2
Новгородская область,2004,"2004, 2005","Binseg, CUSUM, PELT",3
Новгородская область,2011,"2011, 2012","Binseg, PELT",2
Новосибирская область,2006,2006,"Binseg, PELT",2
Новосибирская область,2018,2018,"Binseg, PELT",2
Омская область,2005,"2004, 2005, 2006","Binseg, CUSUM, PELT",3
Омская область,2018,2018,"Binseg, PELT",2
Оренбургская область,2005,"2004, 2005, 2006","Binseg, CUSUM, PELT",3
Оренбургская область,2011,2011,"Binseg, PELT",2
Орловская область,2004,2004,"Binseg, CUSUM",2
Орловская область,2006,2006,"Binseg, PELT",2
Орловская область,2011,2011,"Binseg, PELT",2
Пензенская область,2005,"2004, 2005, 2006","Binseg, CUSUM, PELT",3
Пензенская область,2011,2011,"Binseg, PELT",2
Пермский край,2006,2006,"Binseg, PELT",2
Пермский край,2018,2018,"Binseg, PELT",2
Приморский край,2004,2004,"Binseg, CUSUM",2
Приморский край,2007,2007,"Binseg, PELT",2
Псковская область,2006,2006,"Binseg, PELT",2
Псковская область,2009,"2009, 2010","Binseg, PELT",2
Псковская область,2019,"2019, 2020","Binseg, CUSUM",2
Республика Адыгея,2004,2004,"Binseg, CUSUM",2
Республика Адыгея,2006,2006,"Binseg, PELT",2
Республика Адыгея,2017,2017,"Binseg, PELT",2
Республика Алтай,2006,2006,"Binseg, PELT",2
Республика Алтай,2021,"2021, 2022","Binseg, CUSUM, PELT",3
Республика Башкортостан,2005,"2004, 2005, 2006","Binseg, CUSUM, PELT",3
Республика Башкортостан,2021,"2021, 2022","Binseg, CUSUM",2
Республика Бурятия,2005,"2005, 2006","Binseg, CUSUM, PELT",3
Республика Бурятия,2018,2018,"Binseg, PELT",2
Республика Дагестан,2005,"2004, 2005, 2006","Binseg, CUSUM, PELT",3
Республика Ингушетия,2004,2004,"Binseg, CUSUM, PELT",3
Республика Ингушетия,2011,2011,"Binseg, PELT",2
Республика Калмыкия,2005,"2005, 2006","Binseg, CUSUM, PELT",3
Республика Калмыкия,2010,"2010, 2011","Binseg, PELT",2
Республика Калмыкия,2019,"2019, 2020","Binseg, CUSUM",2
Республика Карелия,2004,"2004, 2005","Binseg, CUSUM",2
Республика Карелия,2010,2010,"Binseg, PELT",2
Республика Карелия,2020,2020,"Binseg, PELT",2
Республика Коми,2004,2004,"Binseg, CUSUM, PELT",3
Республика Коми,2007,"2007, 2008","Binseg, PELT",2
Республика Крым,2016,2016,"Binseg, PELT",2
Республика Марий Эл,2004,"2003, 2004, 2005, 2006","Binseg, CUSUM, PELT",3
Республика Марий Эл,2010,"2010, 2011","Binseg, PELT",2
Республика Мордовия,2004,2004,"Binseg, CUSUM",2
Республика Мордовия,2006,2006,"Binseg, PELT",2
Республика Саха (Якутия),2006,2006,"Binseg, PELT",2
Республика Саха (Якутия),2016,2016,"Binseg, PELT",2
Республика Саха (Якутия),2021,"2021, 2022","Binseg, CUSUM",2
Республика Северная Осетия — Алания,2004,2004,"Binseg, CUSUM",2
Республика Северная Осетия — Алания,2006,2006,"Binseg, PELT",2
Республика Северная Осетия — Алания,2012,2012,"Binseg, PELT",2
Республика Татарстан,2004,"2004, 2005","Binseg, CUSUM, PELT",3
Республика Татарстан,2021,2021,"Binseg, CUSUM",2
Республика Тыва,2004,"2004, 2005","Binseg, CUSUM",2
Республика Тыва,2008,2008,"Binseg, PELT",2
Республика Хакасия,2004,"2004, 2005","Binseg, CUSUM, PELT",3
Республика Хакасия,2010,2010,"Binseg, PELT",2
Республика Хакасия,2020,"2020, 2021","Binseg, CUSUM",2
Ростовская область,2005,"2004, 2005, 2006","Binseg, CUSUM, PELT",3
Ростовская область,2012,2012,"Binseg, PELT",2
Рязанская область,2003,"2003, 2004","Binseg, CUSUM, PELT",3
Самарская область,2005,"2004, 2005, 2006","Binseg, CUSUM, PELT",3
Самарская область,2020,"2020, 2021","Binseg, CUSUM",2
Санкт-Петербург,2006,2006,"Binseg, PELT",2
Санкт-Петербург,2015,2015,"Binseg, PELT",2
Санкт-Петербург,2021,2021,"Binseg, CUSUM",2
Саратовская область,2004,2004,"Binseg, CUSUM, PELT",3
Сахалинская область,2003,2003,"Binseg, CUSUM, PELT",3
Сахалинская область,2013,2013,"Binseg, PELT",2
Свердловская область,2006,2006,"Binseg, PELT",2
Свердловская область,2021,2021,"Binseg, CUSUM, PELT",3
Севастополь,2016,2016,"Binseg, PELT",2
Севастополь,2021,2021,"Binseg, PELT",2
Смоленская область,2004,"2004, 2005","Binseg, CUSUM",2
Смоленская область,2007,2007,"Binseg, PELT",2
Ставропольский край,2004,"2004, 2005","Binseg, CUSUM",2
Ставропольский край,2007,2007,"Binseg, PELT",2
Ставропольский край,2018,2018,"Binseg, PELT",2
Тамбовская область,2003,"2003, 2004","Binseg, CUSUM",2
Тамбовская область,2006,2006,"Binseg, PELT",2
Тамбовская область,2010,2010,"Binseg, PELT",2
Тверская область,2003,"2003, 2004","Binseg, CUSUM",2
Тверская область,2007,2007,"Binseg, PELT",2
Томская область,2006,2006,"Binseg, PELT",2
Томская область,2020,"2020, 2021","Binseg, CUSUM",2
Тульская область,2004,2004,"Binseg, CUSUM",2
Тульская область,2007,2007,"Binseg, PELT",2
Тульская область,2016,2016,"Binseg, PELT",2
Тюменская область (без автономных округов),2016,2016,"Binseg, PELT",2
Тюменская область (без автономных округов),2021,2021,"Binseg, PELT",2
Удмуртская Республика,2004,2004,"CUSUM, PELT",2
Удмуртская Республика,2012,2012,"Binseg, PELT",2
Удмуртская Республика,2021,2021,"Binseg, CUSUM",2
Ульяновская область,2003,"2003, 2004","Binseg, CUSUM",2
Ульяновская область,2006,2006,"Binseg, PELT",2
Хабаровский край,2003,"2003, 2004","Binseg, CUSUM",2
Хабаровский край,2007,2007,"Binseg, PELT",2
Хабаровский край,2019,2019,"Binseg, PELT",2
Ханты-Мансийский автономный округ — Югра,2005,"2004, 2005, 2006, 2007","Binseg, CUSUM, PELT",3
Ханты-Мансийский автономный округ — Югра,2016,2016,"Binseg, PELT",2
Челябинская область,2003,"2003, 2004","Binseg, CUSUM",2
Челябинская область,2006,2006,"Binseg, PELT",2
Челябинская область,2018,2018,"Binseg, PELT",2
Чеченская Республика,2004,"2004, 2005","Binseg, CUSUM, PELT",3
Чеченская Республика,2021,"2021, 2022","Binseg, CUSUM, PELT",3
Чувашская Республика,2003,"2003, 2004","Binseg, CUSUM",2
Чувашская Республика,2006,2006,"Binseg, PELT",2
Чувашская Республика,2021,"2021, 2022","Binseg, CUSUM, PELT",3
Чукотский автономный округ,2018,2018,"Binseg, PELT",2
Ямало-Ненецкий автономный округ,2005,"2005, 2006","Binseg, CUSUM, PELT",3
Ярославская область,2003,"2003, 2004","Binseg, CUSUM, PELT",3
Ярославская область,2020,"2020, 2021","Binseg, CUSUM",2
