region,year,years,methods,n_methods,consensus_points,total_consensus_points,year_commonness,year_rarity,method_agreement,specificity_score,specificity_level
Костромская область,2020,"2020, 2021","Binseg, CUSUM, PELT",3,9,3,0.3103448275862069,0.6896551724137931,1.0,0.6896551724137931,high
Красноярский край,2020,"2020, 2021","Binseg, CUSUM, PELT",3,9,3,0.3103448275862069,0.6896551724137931,1.0,0.6896551724137931,high
Республика Тыва,2008,2008,"Binseg, PELT",2,1,2,0.034482758620689655,0.9655172413793104,0.6666666666666666,0.6436781609195402,high
Амурская область,2022,2022,"Binseg, CUSUM",2,1,3,0.034482758620689655,0.9655172413793104,0.6666666666666666,0.6436781609195402,high
Еврейская автономная область,2009,2009,"Binseg, PELT",2,2,3,0.06896551724137931,0.9310344827586207,0.6666666666666666,0.6206896551724137,high
Псковская область,2009,"2009, 2010","Binseg, PELT",2,2,3,0.06896551724137931,0.9310344827586207,0.6666666666666666,0.6206896551724137,high
Ненецкий автономный округ,2013,2013,"Binseg, PELT",2,2,2,0.06896551724137931,0.9310344827586207,0.6666666666666666,0.6206896551724137,high
Сахалинская область,2013,2013,"Binseg, PELT",2,2,2,0.06896551724137931,0.9310344827586207,0.6666666666666666,0.6206896551724137,high
Астраханская область,2012,2012,"Binseg, PELT",2,4,3,0.13793103448275862,0.8620689655172413,0.6666666666666666,0.5747126436781609,high
Республика Северная Осетия — Алания,2012,2012,"Binseg, PELT",2,4,3,0.13793103448275862,0.8620689655172413,0.6666666666666666,0.5747126436781609,high
Ростовская область,2012,2012,"Binseg, PELT",2,4,2,0.13793103448275862,0.8620689655172413,0.6666666666666666,0.5747126436781609,high
Удмуртская Республика,2012,2012,"Binseg, PELT",2,4,3,0.13793103448275862,0.8620689655172413,0.6666666666666666,0.5747126436781609,high
Кабардино-Балкарская Республика,2015,2015,"Binseg, PELT",2,4,3,0.13793103448275862,0.8620689655172413,0.6666666666666666,0.5747126436781609,high
Калининградская область,2015,"2015, 2016","Binseg, PELT",2,4,2,0.13793103448275862,0.8620689655172413,0.6666666666666666,0.5747126436781609,high
Липецкая область,2015,2015,"Binseg, PELT",2,4,2,0.13793103448275862,0.8620689655172413,0.6666666666666666,0.5747126436781609,high
Санкт-Петербург,2015,2015,"Binseg, PELT",2,4,3,0.13793103448275862,0.8620689655172413,0.6666666666666666,0.5747126436781609,high
Республика Алтай,2021,"2021, 2022","Binseg, CUSUM, PELT",3,14,2,0.4827586206896552,0.5172413793103448,1.0,0.5172413793103448,high
Свердловская область,2021,2021,"Binseg, CUSUM, PELT",3,14,2,0.4827586206896552,0.5172413793103448,1.0,0.5172413793103448,high
Чеченская Республика,2021,"2021, 2022","Binseg, CUSUM, PELT",3,14,2,0.4827586206896552,0.5172413793103448,1.0,0.5172413793103448,high
Чувашская Республика,2021,"2021, 2022","Binseg, CUSUM, PELT",3,14,3,0.4827586206896552,0.5172413793103448,1.0,0.5172413793103448,high
Забайкальский край,2019,2019,"Binseg, PELT",2,7,3,0.2413793103448276,0.7586206896551724,0.6666666666666666,0.5057471264367815,high
Ивановская область,2019,2019,"Binseg, PELT",2,7,3,0.2413793103448276,0.7586206896551724,0.6666666666666666,0.5057471264367815,high
Камчатский край,2019,2019,"Binseg, PELT",2,7,2,0.2413793103448276,0.7586206896551724,0.6666666666666666,0.5057471264367815,high
Нижегородская область,2019,2019,"Binseg, PELT",2,7,3,0.2413793103448276,0.7586206896551724,0.6666666666666666,0.5057471264367815,high
Псковская область,2019,"2019, 2020","Binseg, CUSUM",2,7,3,0.2413793103448276,0.7586206896551724,0.6666666666666666,0.5057471264367815,high
Республика Калмыкия,2019,"2019, 2020","Binseg, CUSUM",2,7,3,0.2413793103448276,0.7586206896551724,0.6666666666666666,0.5057471264367815,high
Хабаровский край,2019,2019,"Binseg, PELT",2,7,3,0.2413793103448276,0.7586206896551724,0.6666666666666666,0.5057471264367815,high
Белгородская область,2010,2010,"Binseg, PELT",2,8,2,0.27586206896551724,0.7241379310344828,0.6666666666666666,0.48275862068965514,medium
Волгоградская область,2010,"2010, 2011","Binseg, PELT",2,8,2,0.27586206896551724,0.7241379310344828,0.6666666666666666,0.48275862068965514,medium
Карачаево-Черкесская Республика,2010,"2010, 2011","Binseg, PELT",2,8,3,0.27586206896551724,0.7241379310344828,0.6666666666666666,0.48275862068965514,medium
Республика Калмыкия,2010,"2010, 2011","Binseg, PELT",2,8,3,0.27586206896551724,0.7241379310344828,0.6666666666666666,0.48275862068965514,medium
Республика Карелия,2010,2010,"Binseg, PELT",2,8,3,0.27586206896551724,0.7241379310344828,0.6666666666666666,0.48275862068965514,medium
Республика Марий Эл,2010,"2010, 2011","Binseg, PELT",2,8,2,0.27586206896551724,0.7241379310344828,0.6666666666666666,0.48275862068965514,medium
Республика Хакасия,2010,2010,"Binseg, PELT",2,8,3,0.27586206896551724,0.7241379310344828,0.6666666666666666,0.48275862068965514,medium
Тамбовская область,2010,2010,"Binseg, PELT",2,8,3,0.27586206896551724,0.7241379310344828,0.6666666666666666,0.48275862068965514,medium
Воронежская область,2011,"2011, 2012","Binseg, PELT",2,8,2,0.27586206896551724,0.7241379310344828,0.6666666666666666,0.48275862068965514,medium
Костромская область,2011,2011,"Binseg, PELT",2,8,3,0.27586206896551724,0.7241379310344828,0.6666666666666666,0.48275862068965514,medium
Магаданская область,2011,"2011, 2012","Binseg, PELT",2,8,3,0.27586206896551724,0.7241379310344828,0.6666666666666666,0.48275862068965514,medium
Новгородская область,2011,"2011, 2012","Binseg, PELT",2,8,2,0.27586206896551724,0.7241379310344828,0.6666666666666666,0.48275862068965514,medium
Оренбургская область,2011,2011,"Binseg, PELT",2,8,2,0.27586206896551724,0.7241379310344828,0.6666666666666666,0.48275862068965514,medium
Орловская область,2011,2011,"Binseg, PELT",2,8,3,0.27586206896551724,0.7241379310344828,0.6666666666666666,0.48275862068965514,medium
Пензенская область,2011,2011,"Binseg, PELT",2,8,2,0.27586206896551724,0.7241379310344828,0.6666666666666666,0.48275862068965514,medium
Республика Ингушетия,2011,2011,"Binseg, PELT",2,8,2,0.27586206896551724,0.7241379310344828,0.6666666666666666,0.48275862068965514,medium
Алтайский край,2017,2017,"Binseg, PELT",2,8,2,0.27586206896551724,0.7241379310344828,0.6666666666666666,0.48275862068965514,medium
Иркутская область,2017,"2017, 2018","Binseg, PELT",2,8,2,0.27586206896551724,0.7241379310344828,0.6666666666666666,0.48275862068965514,medium
Курская область,2017,2017,"Binseg, PELT",2,8,2,0.27586206896551724,0.7241379310344828,0.6666666666666666,0.48275862068965514,medium
Ленинградская область,2017,2017,"Binseg, PELT",2,8,2,0.27586206896551724,0.7241379310344828,0.6666666666666666,0.48275862068965514,medium
Москва,2017,"2017, 2018","Binseg, PELT",2,8,2,0.27586206896551724,0.7241379310344828,0.6666666666666666,0.48275862068965514,medium
Московская область,2017,2017,"Binseg, PELT",2,8,3,0.27586206896551724,0.7241379310344828,0.6666666666666666,0.48275862068965514,medium
Мурманская область,2017,2017,"Binseg, PELT",2,8,2,0.27586206896551724,0.7241379310344828,0.6666666666666666,0.48275862068965514,medium
Республика Адыгея,2017,2017,"Binseg, PELT",2,8,3,0.27586206896551724,0.7241379310344828,0.6666666666666666,0.48275862068965514,medium
Амурская область,2016,"2016, 2017","Binseg, PELT",2,9,3,0.3103448275862069,0.6896551724137931,0.6666666666666666,0.45977011494252873,medium
Архангельская область (без автономного округа),2016,2016,"Binseg, PELT",2,9,1,0.3103448275862069,0.6896551724137931,0.6666666666666666,0.45977011494252873,medium
Вологодская область,2016,2016,"Binseg, PELT",2,9,2,0.3103448275862069,0.6896551724137931,0.6666666666666666,0.45977011494252873,medium
Республика Крым,2016,2016,"Binseg, PELT",2,9,1,0.3103448275862069,0.6896551724137931,0.6666666666666666,0.45977011494252873,medium
Республика Саха (Якутия),2016,2016,"Binseg, PELT",2,9,3,0.3103448275862069,0.6896551724137931,0.6666666666666666,0.45977011494252873,medium
Севастополь,2016,2016,"Binseg, PELT",2,9,2,0.3103448275862069,0.6896551724137931,0.6666666666666666,0.45977011494252873,medium
Тульская область,2016,2016,"Binseg, PELT",2,9,3,0.3103448275862069,0.6896551724137931,0.6666666666666666,0.45977011494252873,medium
Тюменская область (без автономных округов),2016,2016,"Binseg, PELT",2,9,2,0.3103448275862069,0.6896551724137931,0.6666666666666666,0.45977011494252873,medium
Ханты-Мансийский автономный округ — Югра,2016,2016,"Binseg, PELT",2,9,2,0.3103448275862069,0.6896551724137931,0.6666666666666666,0.45977011494252873,medium
Владимирская область,2018,2018,"Binseg, PELT",2,9,3,0.3103448275862069,0.6896551724137931,0.6666666666666666,0.45977011494252873,medium
Курганская область,2018,"2018, 2019","Binseg, PELT",2,9,2,0.3103448275862069,0.6896551724137931,0.6666666666666666,0.45977011494252873,medium
Новосибирская область,2018,2018,"Binseg, PELT",2,9,2,0.3103448275862069,0.6896551724137931,0.6666666666666666,0.45977011494252873,medium
Омская область,2018,2018,"Binseg, PELT",2,9,2,0.3103448275862069,0.6896551724137931,0.6666666666666666,0.45977011494252873,medium
Пермский край,2018,2018,"Binseg, PELT",2,9,2,0.3103448275862069,0.6896551724137931,0.6666666666666666,0.45977011494252873,medium
Республика Бурятия,2018,2018,"Binseg, PELT",2,9,2,0.3103448275862069,0.6896551724137931,0.6666666666666666,0.45977011494252873,medium
Ставропольский край,2018,2018,"Binseg, PELT",2,9,3,0.3103448275862069,0.6896551724137931,0.6666666666666666,0.45977011494252873,medium
Челябинская область,2018,2018,"Binseg, PELT",2,9,3,0.3103448275862069,0.6896551724137931,0.6666666666666666,0.45977011494252873,medium
Чукотский автономный округ,2018,2018,"Binseg, PELT",2,9,1,0.3103448275862069,0.6896551724137931,0.6666666666666666,0.45977011494252873,medium
Карачаево-Черкесская Республика,2020,"2020, 2021","Binseg, CUSUM",2,9,3,0.3103448275862069,0.6896551724137931,0.6666666666666666,0.45977011494252873,medium
Магаданская область,2020,2020,"Binseg, CUSUM",2,9,3,0.3103448275862069,0.6896551724137931,0.6666666666666666,0.45977011494252873,medium
Республика Карелия,2020,2020,"Binseg, PELT",2,9,3,0.3103448275862069,0.6896551724137931,0.6666666666666666,0.45977011494252873,medium
Республика Хакасия,2020,"2020, 2021","Binseg, CUSUM",2,9,3,0.3103448275862069,0.6896551724137931,0.6666666666666666,0.45977011494252873,medium
Самарская область,2020,"2020, 2021","Binseg, CUSUM",2,9,2,0.3103448275862069,0.6896551724137931,0.6666666666666666,0.45977011494252873,medium
Томская область,2020,"2020, 2021","Binseg, CUSUM",2,9,2,0.3103448275862069,0.6896551724137931,0.6666666666666666,0.45977011494252873,medium
Ярославская область,2020,"2020, 2021","Binseg, CUSUM",2,9,2,0.3103448275862069,0.6896551724137931,0.6666666666666666,0.45977011494252873,medium
Камчатский край,2007,"2006, 2007, 2008","Binseg, PELT",2,10,2,0.3448275862068966,0.6551724137931034,0.6666666666666666,0.43678160919540227,medium
Краснодарский край,2007,2007,"Binseg, PELT",2,10,2,0.3448275862068966,0.6551724137931034,0.6666666666666666,0.43678160919540227,medium
Красноярский край,2007,2007,"Binseg, PELT",2,10,3,0.3448275862068966,0.6551724137931034,0.6666666666666666,0.43678160919540227,medium
Приморский край,2007,2007,"Binseg, PELT",2,10,2,0.3448275862068966,0.6551724137931034,0.6666666666666666,0.43678160919540227,medium
Республика Коми,2007,"2007, 2008","Binseg, PELT",2,10,2,0.3448275862068966,0.6551724137931034,0.6666666666666666,0.43678160919540227,medium
Смоленская область,2007,2007,"Binseg, PELT",2,10,2,0.3448275862068966,0.6551724137931034,0.6666666666666666,0.43678160919540227,medium
Ставропольский край,2007,2007,"Binseg, PELT",2,10,3,0.3448275862068966,0.6551724137931034,0.6666666666666666,0.43678160919540227,medium
Тверская область,2007,2007,"Binseg, PELT",2,10,2,0.3448275862068966,0.6551724137931034,0.6666666666666666,0.43678160919540227,medium
Тульская область,2007,2007,"Binseg, PELT",2,10,3,0.3448275862068966,0.6551724137931034,0.6666666666666666,0.43678160919540227,medium
Хабаровский край,2007,2007,"Binseg, PELT",2,10,3,0.3448275862068966,0.6551724137931034,0.6666666666666666,0.43678160919540227,medium
Вологодская область,2003,"2003, 2004","Binseg, CUSUM, PELT",3,18,2,0.6206896551724138,0.3793103448275862,1.0,0.3793103448275862,medium
Еврейская автономная область,2003,"2003, 2004","Binseg, CUSUM, PELT",3,18,3,0.6206896551724138,0.3793103448275862,1.0,0.3793103448275862,medium
Ивановская область,2003,"2003, 2004","Binseg, CUSUM, PELT",3,18,3,0.6206896551724138,0.3793103448275862,1.0,0.3793103448275862,medium
Калининградская область,2003,"2003, 2004","Binseg, CUSUM, PELT",3,18,2,0.6206896551724138,0.3793103448275862,1.0,0.3793103448275862,medium
Кемеровская область,2003,"2003, 2004","Binseg, CUSUM, PELT",3,18,1,0.6206896551724138,0.3793103448275862,1.0,0.3793103448275862,medium
Костромская область,2003,"2003, 2004","Binseg, CUSUM, PELT",3,18,3,0.6206896551724138,0.3793103448275862,1.0,0.3793103448275862,medium
Рязанская область,2003,"2003, 2004","Binseg, CUSUM, PELT",3,18,1,0.6206896551724138,0.3793103448275862,1.0,0.3793103448275862,medium
Сахалинская область,2003,2003,"Binseg, CUSUM, PELT",3,18,2,0.6206896551724138,0.3793103448275862,1.0,0.3793103448275862,medium
Ярославская область,2003,"2003, 2004","Binseg, CUSUM, PELT",3,18,2,0.6206896551724138,0.3793103448275862,1.0,0.3793103448275862,medium
Белгородская область,2005,"2004, 2005, 2006","Binseg, CUSUM, PELT",3,18,2,0.6206896551724138,0.3793103448275862,1.0,0.3793103448275862,medium
Воронежская область,2005,"2004, 2005, 2006, 2007","Binseg, CUSUM, PELT",3,18,2,0.6206896551724138,0.3793103448275862,1.0,0.3793103448275862,medium
Иркутская область,2005,"2004, 2005, 2006","Binseg, CUSUM, PELT",3,18,2,0.6206896551724138,0.3793103448275862,1.0,0.3793103448275862,medium
Курганская область,2005,"2004, 2005, 2006","Binseg, CUSUM, PELT",3,18,2,0.6206896551724138,0.3793103448275862,1.0,0.3793103448275862,medium
Курская область,2005,"2004, 2005, 2006","Binseg, CUSUM, PELT",3,18,2,0.6206896551724138,0.3793103448275862,1.0,0.3793103448275862,medium
Москва,2005,"2005, 2006","Binseg, CUSUM, PELT",3,18,2,0.6206896551724138,0.3793103448275862,1.0,0.3793103448275862,medium
Омская область,2005,"2004, 2005, 2006","Binseg, CUSUM, PELT",3,18,2,0.6206896551724138,0.3793103448275862,1.0,0.3793103448275862,medium
Оренбургская область,2005,"2004, 2005, 2006","Binseg, CUSUM, PELT",3,18,2,0.6206896551724138,0.3793103448275862,1.0,0.3793103448275862,medium
Пензенская область,2005,"2004, 2005, 2006","Binseg, CUSUM, PELT",3,18,2,0.6206896551724138,0.3793103448275862,1.0,0.3793103448275862,medium
Республика Башкортостан,2005,"2004, 2005, 2006","Binseg, CUSUM, PELT",3,18,2,0.6206896551724138,0.3793103448275862,1.0,0.3793103448275862,medium
Республика Бурятия,2005,"2005, 2006","Binseg, CUSUM, PELT",3,18,2,0.6206896551724138,0.3793103448275862,1.0,0.3793103448275862,medium
Республика Дагестан,2005,"2004, 2005, 2006","Binseg, CUSUM, PELT",3,18,1,0.6206896551724138,0.3793103448275862,1.0,0.3793103448275862,medium
Республика Калмыкия,2005,"2005, 2006","Binseg, CUSUM, PELT",3,18,3,0.6206896551724138,0.3793103448275862,1.0,0.3793103448275862,medium
Ростовская область,2005,"2004, 2005, 2006","Binseg, CUSUM, PELT",3,18,2,0.6206896551724138,0.3793103448275862,1.0,0.3793103448275862,medium
Самарская область,2005,"2004, 2005, 2006","Binseg, CUSUM, PELT",3,18,2,0.6206896551724138,0.3793103448275862,1.0,0.3793103448275862,medium
Ханты-Мансийский автономный округ — Югра,2005,"2004, 2005, 2006, 2007","Binseg, CUSUM, PELT",3,18,2,0.6206896551724138,0.3793103448275862,1.0,0.3793103448275862,medium
Ямало-Ненецкий автономный округ,2005,"2005, 2006","Binseg, CUSUM, PELT",3,18,1,0.6206896551724138,0.3793103448275862,1.0,0.3793103448275862,medium
Владимирская область,2021,"2021, 2022","Binseg, CUSUM",2,14,3,0.4827586206896552,0.5172413793103448,0.6666666666666666,0.34482758620689646,medium
Еврейская автономная область,2021,"2021, 2022","Binseg, CUSUM",2,14,3,0.4827586206896552,0.5172413793103448,0.6666666666666666,0.34482758620689646,medium
Кабардино-Балкарская Республика,2021,2021,"Binseg, CUSUM",2,14,3,0.4827586206896552,0.5172413793103448,0.6666666666666666,0.34482758620689646,medium
Республика Башкортостан,2021,"2021, 2022","Binseg, CUSUM",2,14,2,0.4827586206896552,0.5172413793103448,0.6666666666666666,0.34482758620689646,medium
Республика Саха (Якутия),2021,"2021, 2022","Binseg, CUSUM",2,14,3,0.4827586206896552,0.5172413793103448,0.6666666666666666,0.34482758620689646,medium
Республика Татарстан,2021,2021,"Binseg, CUSUM",2,14,2,0.4827586206896552,0.5172413793103448,0.6666666666666666,0.34482758620689646,medium
Санкт-Петербург,2021,2021,"Binseg, CUSUM",2,14,3,0.4827586206896552,0.5172413793103448,0.6666666666666666,0.34482758620689646,medium
Севастополь,2021,2021,"Binseg, PELT",2,14,2,0.4827586206896552,0.5172413793103448,0.6666666666666666,0.34482758620689646,medium
Тюменская область (без автономных округов),2021,2021,"Binseg, PELT",2,14,2,0.4827586206896552,0.5172413793103448,0.6666666666666666,0.34482758620689646,medium
Удмуртская Республика,2021,2021,"Binseg, CUSUM",2,14,3,0.4827586206896552,0.5172413793103448,0.6666666666666666,0.34482758620689646,medium
Забайкальский край,2003,"2003, 2004","Binseg, CUSUM",2,18,3,0.6206896551724138,0.3793103448275862,0.6666666666666666,0.2528735632183908,medium
Московская область,2003,"2003, 2004","Binseg, CUSUM",2,18,3,0.6206896551724138,0.3793103448275862,0.6666666666666666,0.2528735632183908,medium
Нижегородская область,2003,"2003, 2004","Binseg, CUSUM",2,18,3,0.6206896551724138,0.3793103448275862,0.6666666666666666,0.2528735632183908,medium
Тамбовская область,2003,"2003, 2004","Binseg, CUSUM",2,18,3,0.6206896551724138,0.3793103448275862,0.6666666666666666,0.2528735632183908,medium
Тверская область,2003,"2003, 2004","Binseg, CUSUM",2,18,2,0.6206896551724138,0.3793103448275862,0.6666666666666666,0.2528735632183908,medium
Ульяновская область,2003,"2003, 2004","Binseg, CUSUM",2,18,2,0.6206896551724138,0.3793103448275862,0.6666666666666666,0.2528735632183908,medium
Хабаровский край,2003,"2003, 2004","Binseg, CUSUM",2,18,3,0.6206896551724138,0.3793103448275862,0.6666666666666666,0.2528735632183908,medium
Челябинская область,2003,"2003, 2004","Binseg, CUSUM",2,18,3,0.6206896551724138,0.3793103448275862,0.6666666666666666,0.2528735632183908,medium
Чувашская Республика,2003,"2003, 2004","Binseg, CUSUM",2,18,3,0.6206896551724138,0.3793103448275862,0.6666666666666666,0.2528735632183908,medium
Мурманская область,2005,2005,"Binseg, CUSUM",2,18,2,0.6206896551724138,0.3793103448275862,0.6666666666666666,0.2528735632183908,medium
Амурская область,2006,"2005, 2006, 2007","Binseg, CUSUM, PELT",3,28,3,0.9655172413793104,0.03448275862068961,1.0,0.03448275862068961,low
Алтайский край,2006,2006,"Binseg, PELT",2,28,2,0.9655172413793104,0.03448275862068961,0.6666666666666666,0.02298850574712641,low
Астраханская область,2006,2006,"Binseg, PELT",2,28,3,0.9655172413793104,0.03448275862068961,0.6666666666666666,0.02298850574712641,low
Владимирская область,2006,2006,"Binseg, PELT",2,28,3,0.9655172413793104,0.03448275862068961,0.6666666666666666,0.02298850574712641,low
Волгоградская область,2006,2006,"Binseg, PELT",2,28,2,0.9655172413793104,0.03448275862068961,0.6666666666666666,0.02298850574712641,low
Забайкальский край,2006,"2006, 2007","Binseg, PELT",2,28,3,0.9655172413793104,0.03448275862068961,0.6666666666666666,0.02298850574712641,low
Ивановская область,2006,"2006, 2007","Binseg, PELT",2,28,3,0.9655172413793104,0.03448275862068961,0.6666666666666666,0.02298850574712641,low
Кабардино-Балкарская Республика,2006,"2006, 2007","Binseg, PELT",2,28,3,0.9655172413793104,0.03448275862068961,0.6666666666666666,0.02298850574712641,low
Калужская область,2006,2006,"Binseg, PELT",2,28,2,0.9655172413793104,0.03448275862068961,0.6666666666666666,0.02298850574712641,low
Магаданская область,2006,2006,"Binseg, PELT",2,28,3,0.9655172413793104,0.03448275862068961,0.6666666666666666,0.02298850574712641,low
Московская область,2006,2006,"Binseg, PELT",2,28,3,0.9655172413793104,0.03448275862068961,0.6666666666666666,0.02298850574712641,low
Нижегородская область,2006,2006,"Binseg, PELT",2,28,3,0.9655172413793104,0.03448275862068961,0.6666666666666666,0.02298850574712641,low
Новосибирская область,2006,2006,"Binseg, PELT",2,28,2,0.9655172413793104,0.03448275862068961,0.6666666666666666,0.02298850574712641,low
Орловская область,2006,2006,"Binseg, PELT",2,28,3,0.9655172413793104,0.03448275862068961,0.6666666666666666,0.02298850574712641,low
Пермский край,2006,2006,"Binseg, PELT",2,28,2,0.9655172413793104,0.03448275862068961,0.6666666666666666,0.02298850574712641,low
Псковская область,2006,2006,"Binseg, PELT",2,28,3,0.9655172413793104,0.03448275862068961,0.6666666666666666,0.02298850574712641,low
Республика Адыгея,2006,2006,"Binseg, PELT",2,28,3,0.9655172413793104,0.03448275862068961,0.6666666666666666,0.02298850574712641,low
Республика Алтай,2006,2006,"Binseg, PELT",2,28,2,0.9655172413793104,0.03448275862068961,0.6666666666666666,0.02298850574712641,low
Республика Мордовия,2006,2006,"Binseg, PELT",2,28,2,0.9655172413793104,0.03448275862068961,0.6666666666666666,0.02298850574712641,low
Республика Саха (Якутия),2006,2006,"Binseg, PELT",2,28,3,0.9655172413793104,0.03448275862068961,0.6666666666666666,0.02298850574712641,low
Республика Северная Осетия — Алания,2006,2006,"Binseg, PELT",2,28,3,0.9655172413793104,0.03448275862068961,0.6666666666666666,0.02298850574712641,low
Санкт-Петербург,2006,2006,"Binseg, PELT",2,28,3,0.9655172413793104,0.03448275862068961,0.6666666666666666,0.02298850574712641,low
Свердловская область,2006,2006,"Binseg, PELT",2,28,2,0.9655172413793104,0.03448275862068961,0.6666666666666666,0.02298850574712641,low
Тамбовская область,2006,2006,"Binseg, PELT",2,28,3,0.9655172413793104,0.03448275862068961,0.6666666666666666,0.02298850574712641,low
Томская область,2006,2006,"Binseg, PELT",2,28,2,0.9655172413793104,0.03448275862068961,0.6666666666666666,0.02298850574712641,low
Ульяновская область,2006,2006,"Binseg, PELT",2,28,2,0.9655172413793104,0.03448275862068961,0.6666666666666666,0.02298850574712641,low
Челябинская область,2006,2006,"Binseg, PELT",2,28,3,0.9655172413793104,0.03448275862068961,0.6666666666666666,0.02298850574712641,low
Чувашская Республика,2006,2006,"Binseg, PELT",2,28,3,0.9655172413793104,0.03448275862068961,0.6666666666666666,0.02298850574712641,low
Брянская область,2004,"2004, 2005","Binseg, CUSUM, PELT",3,29,1,1.0,0.0,1.0,0.0,low
Карачаево-Черкесская Республика,2004,2004,"Binseg, CUSUM, PELT",3,29,3,1.0,0.0,1.0,0.0,low
Кировская область,2004,2004,"Binseg, CUSUM, PELT",3,29,1,1.0,0.0,1.0,0.0,low
Ленинградская область,2004,"2003, 2004, 2005","Binseg, CUSUM, PELT",3,29,2,1.0,0.0,1.0,0.0,low
Липецкая область,2004,"2003, 2004, 2005, 2006","Binseg, CUSUM, PELT",3,29,2,1.0,0.0,1.0,0.0,low
Ненецкий автономный округ,2004,"2004, 2005","Binseg, CUSUM, PELT",3,29,2,1.0,0.0,1.0,0.0,low
Новгородская область,2004,"2004, 2005","Binseg, CUSUM, PELT",3,29,2,1.0,0.0,1.0,0.0,low
Республика Ингушетия,2004,2004,"Binseg, CUSUM, PELT",3,29,2,1.0,0.0,1.0,0.0,low
Республика Коми,2004,2004,"Binseg, CUSUM, PELT",3,29,2,1.0,0.0,1.0,0.0,low
Республика Марий Эл,2004,"2003, 2004, 2005, 2006","Binseg, CUSUM, PELT",3,29,2,1.0,0.0,1.0,0.0,low
Республика Татарстан,2004,"2004, 2005","Binseg, CUSUM, PELT",3,29,2,1.0,0.0,1.0,0.0,low
Республика Хакасия,2004,"2004, 2005","Binseg, CUSUM, PELT",3,29,3,1.0,0.0,1.0,0.0,low
Саратовская область,2004,2004,"Binseg, CUSUM, PELT",3,29,1,1.0,0.0,1.0,0.0,low
Чеченская Республика,2004,"2004, 2005","Binseg, CUSUM, PELT",3,29,2,1.0,0.0,1.0,0.0,low
Астраханская область,2004,2004,"Binseg, CUSUM",2,29,3,1.0,0.0,0.6666666666666666,0.0,low
Калужская область,2004,2004,"Binseg, CUSUM",2,29,2,1.0,0.0,0.6666666666666666,0.0,low
Краснодарский край,2004,"2004, 2005","Binseg, CUSUM",2,29,2,1.0,0.0,0.6666666666666666,0.0,low
Красноярский край,2004,2004,"Binseg, CUSUM",2,29,3,1.0,0.0,0.6666666666666666,0.0,low
Орловская область,2004,2004,"Binseg, CUSUM",2,29,3,1.0,0.0,0.6666666666666666,0.0,low
Приморский край,2004,2004,"Binseg, CUSUM",2,29,2,1.0,0.0,0.6666666666666666,0.0,low
Республика Адыгея,2004,2004,"Binseg, CUSUM",2,29,3,1.0,0.0,0.6666666666666666,0.0,low
Республика Карелия,2004,"2004, 2005","Binseg, CUSUM",2,29,3,1.0,0.0,0.6666666666666666,0.0,low
Республика Мордовия,2004,2004,"Binseg, CUSUM",2,29,2,1.0,0.0,0.6666666666666666,0.0,low
Республика Северная Осетия — Алания,2004,2004,"Binseg, CUSUM",2,29,3,1.0,0.0,0.6666666666666666,0.0,low
Республика Тыва,2004,"2004, 2005","Binseg, CUSUM",2,29,2,1.0,0.0,0.6666666666666666,0.0,low
Смоленская область,2004,"2004, 2005","Binseg, CUSUM",2,29,2,1.0,0.0,0.6666666666666666,0.0,low
Ставропольский край,2004,"2004, 2005","Binseg, CUSUM",2,29,3,1.0,0.0,0.6666666666666666,0.0,low
Тульская область,2004,2004,"Binseg, CUSUM",2,29,3,1.0,0.0,0.6666666666666666,0.0,low
Удмуртская Республика,2004,2004,"CUSUM, PELT",2,29,3,1.0,0.0,0.6666666666666666,0.0,low
