region,year,years,methods,n_methods,consensus_points,year_rarity,specificity_score,investment_value,yoy_change,local_jump,trend_before,trend_after,trend_change,direction,event_type,abs_yoy_change,abs_trend_change,cpd_signal
Калининградская область,2003,"2003, 2004","Binseg, CUSUM, PELT",3,18,0.9047619047619048,0.9047619047619048,13699.410252673026,0.7698340447188554,4.4902743732104184,,0.39121869040641233,,increase,strong_jump,0.7698340447188554,,2.445551732970566
Республика Дагестан,2005,"2004, 2005, 2006","Binseg, CUSUM, PELT",3,18,0.9047619047619048,0.9047619047619048,26966.0,0.6193193336855662,3.72717037800146,0.3692195690143454,0.4057776596752932,0.03655809066094784,increase,strong_jump,0.6193193336855662,0.03655809066094784,2.31015281428974
Липецкая область,2004,"2003, 2004, 2005, 2006","Binseg, CUSUM, PELT",3,29,0.8465608465608465,0.8465608465608465,26575.303452464854,0.5450913395353967,4.544535943019776,,0.2584758861901752,,increase,strong_jump,0.5450913395353967,,2.2965612089177925
Ивановская область,2003,"2003, 2004","Binseg, CUSUM, PELT",3,18,0.9047619047619048,0.9047619047619048,5120.985585551688,0.6126116420038579,3.327259121320272,,0.42854900404255136,,increase,strong_jump,0.6126116420038579,,2.2301786923726503
Омская область,2005,"2004, 2005, 2006","Binseg, CUSUM, PELT",3,18,0.9047619047619048,0.9047619047619048,38611.0,0.6474549482210277,3.002326223029068,0.28202587824081904,0.2939282526354693,0.01190237439465025,increase,strong_jump,0.6474549482210277,0.01190237439465025,2.1595542480449375
Еврейская автономная область,2003,"2003, 2004","Binseg, CUSUM, PELT",3,18,0.9047619047619048,0.9047619047619048,1417.2837390242505,0.6835570200682493,2.9024298798889423,,0.6741837584580919,,increase,mixed,0.6835570200682493,,2.1366851761770467
Белгородская область,2005,"2004, 2005, 2006","Binseg, CUSUM, PELT",3,18,0.9047619047619048,0.9047619047619048,35022.0,0.5438735311038387,2.8190898663081896,0.3696673792503864,0.4344837602640468,0.06481638101366038,increase,mixed,0.5438735311038387,0.06481638101366038,2.1171538403535495
Чеченская Республика,2004,"2004, 2005","Binseg, CUSUM, PELT",3,29,0.8465608465608465,0.8465608465608465,6851.54,0.6113195034018244,3.4360596941874486,,0.5970290868112911,,increase,strong_jump,0.6113195034018244,,2.1077388581228353
Томская область,2006,2006,"Binseg, PELT",2,28,0.8518518518518519,0.5679012345679012,38010.60891668741,0.9592087478319369,13.911689077267443,-0.09333005522133753,0.4079661463074461,0.5012962015287836,increase,trend_reversal,0.9592087478319369,0.5012962015287836,2.1024529473105362
Оренбургская область,2005,"2004, 2005, 2006","Binseg, CUSUM, PELT",3,18,0.9047619047619048,0.9047619047619048,39993.0,0.39805275703758114,2.6802392928517347,0.22892955310588972,0.34885424240228335,0.11992468929639363,increase,mixed,0.39805275703758114,0.11992468929639363,2.08364655860317
Воронежская область,2005,"2004, 2005, 2006, 2007","Binseg, CUSUM, PELT",3,18,0.9047619047619048,0.9047619047619048,28652.0,0.3115765007418061,2.59798743389342,0.15682615345173742,0.4120222485462547,0.25519609509451724,increase,mixed,0.3115765007418061,0.25519609509451724,2.0631961055685237
Пензенская область,2005,"2004, 2005, 2006","Binseg, CUSUM, PELT",3,18,0.9047619047619048,0.9047619047619048,15689.0,0.4050413070876142,2.4025462001492555,0.24651360556708138,0.5158574054859468,0.2693437999188655,increase,mixed,0.4050413070876142,0.2693437999188655,2.0126646019610757
Кировская область,2004,2004,"Binseg, CUSUM, PELT",3,29,0.8465608465608465,0.8465608465608465,11111.814193982773,0.4753582869028494,2.84252919790484,,0.38882843760277874,,increase,mixed,0.4753582869028494,,1.9861424720217926
Иркутская область,2005,"2004, 2005, 2006","Binseg, CUSUM, PELT",3,18,0.9047619047619048,0.9047619047619048,36675.0,0.409824691871542,2.3025630656282363,0.20357632754541782,0.6004523474533644,0.3968760199079466,increase,mixed,0.409824691871542,0.3968760199079466,1.9856799151270983
Курганская область,2005,"2004, 2005, 2006","Binseg, CUSUM, PELT",3,18,0.9047619047619048,0.9047619047619048,8628.0,0.42395996474458486,2.253105650960022,0.19429419528392416,0.395799875393394,0.20150568010946984,increase,mixed,0.42395996474458486,0.20150568010946984,1.9720282083078322
Ханты-Мансийский автономный округ — Югра,2005,"2004, 2005, 2006, 2007","Binseg, CUSUM, PELT",3,18,0.9047619047619048,0.9047619047619048,223318.0,0.16187661109281715,2.2285711255863503,0.10026026287734424,0.26754895306558457,0.16728869018824033,increase,mixed,0.16187661109281715,0.16728869018824033,1.965178743056274
Республика Хакасия,2004,"2004, 2005","Binseg, CUSUM, PELT",3,29,0.8465608465608465,0.8465608465608465,6283.6232221643495,0.5400207568126199,2.73241937925315,,0.5665916098711888,,increase,mixed,0.5400207568126199,,1.9615294396052252
Ярославская область,2003,"2003, 2004","Binseg, CUSUM, PELT",3,18,0.9047619047619048,0.9047619047619048,17860.585694411446,0.2916491864675903,2.133953805043696,,0.4330374737720616,,increase,mixed,0.2916491864675903,,1.9382672701863628
Смоленская область,2007,2007,"Binseg, PELT",2,10,0.9470899470899471,0.6313932980599647,25178.099582990086,0.5707806652776033,6.510742792168677,0.1741024210668336,0.1594107948835853,-0.01469162618324829,increase,strong_jump,0.5707806652776033,0.01469162618324829,1.9044933046409003
Республика Татарстан,2004,"2004, 2005","Binseg, CUSUM, PELT",3,29,0.8465608465608465,0.8465608465608465,99552.23354204431,0.41607426753064614,2.4655037706166354,,0.2391334141935311,,increase,mixed,0.41607426753064614,,1.8987157760163849
Республика Коми,2004,2004,"Binseg, CUSUM, PELT",3,29,0.8465608465608465,0.8465608465608465,34480.830619810724,0.35632694259188047,2.3363185235586323,,0.3829713481997973,,increase,mixed,0.35632694259188047,,1.8665548872986693
Орловская область,2011,2011,"Binseg, PELT",2,8,0.9576719576719577,0.6384479717813051,34072.0,0.588364178826162,5.495858241952718,-0.11948936312756576,0.12490172856880653,0.2443910916963723,increase,trend_reversal,0.588364178826162,0.2443910916963723,1.8330893306080436
Карачаево-Черкесская Республика,2004,2004,"Binseg, CUSUM, PELT",3,29,0.8465608465608465,0.8465608465608465,3054.2895038295974,0.22489728620561023,2.1079489413511805,,0.48059113440003903,,increase,mixed,0.22489728620561023,,1.8065295273936695
Севастополь,2016,2016,"Binseg, PELT",2,9,0.9523809523809523,0.6349206349206349,18547.008,1.8281500457456543,5.2324244944697735,,0.4180290171354452,,increase,strong_jump,1.8281500457456543,,1.7966764581180297
Рязанская область,2003,"2003, 2004","Binseg, CUSUM, PELT",3,18,0.9047619047619048,0.9047619047619048,9514.95900855509,0.3428453831665794,1.5868592067312097,,0.45477340320071713,,increase,mixed,0.3428453831665794,,1.7646878613631902
Вологодская область,2003,"2003, 2004","Binseg, CUSUM, PELT",3,18,0.9047619047619048,0.9047619047619048,18270.79121285026,0.31223208253575296,1.4182178289700114,,0.5997651846533844,,increase,mixed,0.31223208253575296,,1.7036945645998518
Архангельская область (без автономного округа),2016,2016,"Binseg, PELT",2,9,0.9523809523809523,0.6349206349206349,83729.46,0.4506646106933714,4.320491141922339,-0.25367727151601177,0.12409299657545696,0.37777026809146874,increase,trend_reversal,0.4506646106933714,0.37777026809146874,1.6962321390492356
Республика Марий Эл,2004,"2003, 2004, 2005, 2006","Binseg, CUSUM, PELT",3,29,0.8465608465608465,0.8465608465608465,5885.501766148677,0.3497791478403278,1.557971371768722,,0.29845200248133746,,increase,mixed,0.3497791478403278,,1.6416630784742496
Курская область,2005,"2004, 2005, 2006","Binseg, CUSUM, PELT",3,18,0.9047619047619048,0.9047619047619048,17864.0,0.17541843114683964,1.2318046102722262,0.18905183679422788,0.314711180762261,0.12565934396803313,increase,mixed,0.17541843114683964,0.12565934396803313,1.6311142623450028
Республика Калмыкия,2005,"2005, 2006","Binseg, CUSUM, PELT",3,18,0.9047619047619048,0.9047619047619048,3062.0,0.3499439739519319,1.2314293497784397,-0.357301350701467,0.3487103805515703,0.7060117312530373,increase,trend_reversal,0.3499439739519319,0.7060117312530373,1.6309621209143812
Республика Хакасия,2010,2010,"Binseg, PELT",2,8,0.9576719576719577,0.6384479717813051,22109.0,0.7222871387395808,3.654658363367595,-0.15262346438705987,0.27251191488101023,0.4251353792680701,increase,trend_reversal,0.7222871387395808,0.4251353792680701,1.6202970071396179
Москва,2005,"2005, 2006","Binseg, CUSUM, PELT",3,18,0.9047619047619048,0.9047619047619048,456025.0,0.27192678457407427,1.203690139030506,0.24329241261843612,0.26559717404164807,0.022304761423211944,increase,mixed,0.27192678457407427,0.022304761423211944,1.619644406260828
Забайкальский край,2003,"2003, 2004","Binseg, CUSUM",2,18,0.9047619047619048,0.6031746031746031,11452.562950579277,0.6585592996690146,4.356594757101493,,0.20917087441677676,,increase,strong_jump,0.6585592996690146,,1.6154997100604096
Республика Башкортостан,2005,"2004, 2005, 2006","Binseg, CUSUM, PELT",3,18,0.9047619047619048,0.9047619047619048,84471.0,0.2528898830371815,1.1362345204270172,0.18010357627105583,0.3204581803444708,0.140354604073415,increase,mixed,0.2528898830371815,0.140354604073415,1.5915166417280857
Ленинградская область,2004,"2003, 2004, 2005","Binseg, CUSUM, PELT",3,29,0.8465608465608465,0.8465608465608465,68561.19281714724,0.37939947767151816,1.3055684491856996,,0.30905066582770263,,increase,mixed,0.37939947767151816,,1.5537162004171379
Тверская область,2007,2007,"Binseg, PELT",2,10,0.9470899470899471,0.6313932980599647,36383.69348775873,0.49567932041574836,3.2926946751321906,-0.10133694553774816,0.32751627185711435,0.4288532173948625,increase,trend_reversal,0.49567932041574836,0.4288532173948625,1.551279453481373
Тамбовская область,2003,"2003, 2004","Binseg, CUSUM",2,18,0.9047619047619048,0.6031746031746031,8257.462751774254,0.5460553120371372,3.7824546244156125,,0.2882705007902881,,increase,strong_jump,0.5460553120371372,,1.5471150715726767
Ямало-Ненецкий автономный округ,2005,"2005, 2006","Binseg, CUSUM, PELT",3,18,0.9047619047619048,0.9047619047619048,141234.0,-0.14220204255047686,1.013831342587691,0.11626497622387039,0.3561897322119457,0.23992475598807533,decrease,mixed,0.14220204255047686,0.23992475598807533,1.5381305674924932
Тульская область,2007,2007,"Binseg, PELT",2,10,0.9470899470899471,0.6313932980599647,36208.139566932005,0.48630950575787546,3.1419645709658433,0.27582524916788975,0.26501725449931557,-0.010807994668574183,increase,strong_jump,0.48630950575787546,0.010807994668574183,1.5287106436342044
Тверская область,2003,"2003, 2004","Binseg, CUSUM",2,18,0.9047619047619048,0.6031746031746031,22093.758664957728,0.5393503608822243,3.5827923178598318,,0.03813803623483367,,increase,strong_jump,0.5393503608822243,,1.5213924217782104
Кемеровская область,2003,"2003, 2004","Binseg, CUSUM, PELT",3,18,0.9047619047619048,0.9047619047619048,28547.796113510503,0.204675945521535,0.9284081852487349,,0.5171770431732712,,increase,mixed,0.204675945521535,,1.4989144225853643
Республика Ингушетия,2004,2004,"Binseg, CUSUM, PELT",3,29,0.8465608465608465,0.8465608465608465,1015.1799402441692,0.1955601976738479,1.1540536144259428,,0.5995312498720397,,increase,mixed,0.1955601976738479,,1.4961705558167808
Республика Бурятия,2005,"2005, 2006","Binseg, CUSUM, PELT",3,18,0.9047619047619048,0.9047619047619048,9606.0,0.14322434060183187,0.8982153096830078,0.13264929348587262,0.35288895160185313,0.2202396581159805,increase,mixed,0.14322434060183187,0.2202396581159805,1.484636597474266
Ульяновская область,2006,2006,"Binseg, PELT",2,28,0.8518518518518519,0.5679012345679012,21881.590878227566,0.48743055388672185,4.013249544969421,0.37726550534385483,0.3980186745849153,0.020753169241060465,increase,strong_jump,0.48743055388672185,0.020753169241060465,1.483405908197939
Республика Саха (Якутия),2021,"2021, 2022","Binseg, CUSUM",2,14,0.9259259259259259,0.6172839506172839,414796.814,0.6009973240096833,2.989861838074783,-0.221597855252913,0.29316885057062714,0.5147667058235401,increase,trend_reversal,0.6009973240096833,0.5147667058235401,1.471454693366244
Ростовская область,2005,"2004, 2005, 2006","Binseg, CUSUM, PELT",3,18,0.9047619047619048,0.9047619047619048,60145.0,0.1538789700362757,0.87037446272629,0.29231446108069087,0.4048071160326529,0.11249265495196203,increase,mixed,0.1538789700362757,0.11249265495196203,1.471268309860497
Саратовская область,2004,2004,"Binseg, CUSUM, PELT",3,29,0.8465608465608465,0.8465608465608465,24336.89492184565,0.17382886698311606,1.078591815699012,,0.32898881429830973,,increase,mixed,0.17382886698311606,,1.4659815049770686
Московская область,2003,"2003, 2004","Binseg, CUSUM",2,18,0.9047619047619048,0.6031746031746031,105176.11787771375,0.4651053419772875,3.0684515093153233,,0.2721461077859236,,increase,strong_jump,0.4651053419772875,,1.4495868821536042
Краснодарский край,2007,2007,"Binseg, PELT",2,10,0.9470899470899471,0.6313932980599647,229713.62204541732,0.5104826712734454,2.5311183206838685,0.227750689862272,0.24772227861318674,0.01997158875091473,increase,mixed,0.5104826712734454,0.01997158875091473,1.4279683173347768
Чувашская Республика,2021,"2021, 2022","Binseg, CUSUM, PELT",3,14,0.9259259259259259,0.9259259259259259,63872.138,0.1434650011795,0.6905978297975236,-0.005123525919881441,0.3298209044632077,0.3349444303830892,increase,trend_reversal,0.1434650011795,0.3349444303830892,1.4121131590964224
Камчатский край,2007,"2006, 2007, 2008","Binseg, PELT",2,10,0.9470899470899471,0.6313932980599647,13019.200281071804,0.5616321954144923,2.419155984931616,0.21014874675256473,0.3137535889525198,0.10360484219995508,increase,mixed,0.5616321954144923,0.10360484219995508,1.4076242614914656
Республика Тыва,2008,2008,"Binseg, PELT",2,1,0.9947089947089947,0.6631393298059964,3756.0,0.5676824412659351,2.067161605905846,0.30821764115755135,0.3277929946461579,0.01957535348860656,increase,mixed,0.5676824412659351,0.01957535348860656,1.4063544416641212
Калужская область,2006,2006,"Binseg, PELT",2,28,0.8518518518518519,0.5679012345679012,18297.4040794412,0.3430273105872872,3.3338479473825933,0.1880373666698675,0.6434692742502875,0.45543190758042007,increase,strong_jump,0.3430273105872872,0.45543190758042007,1.4007033045211115
Красноярский край,2020,"2020, 2021","Binseg, CUSUM, PELT",3,9,0.9523809523809523,0.9523809523809523,480202.659,0.10035590358628621,0.5783215226603712,0.018105734154794526,0.224238566143451,0.20613283198865648,increase,mixed,0.10035590358628621,0.20613283198865648,1.3870113856561919
Самарская область,2005,"2004, 2005, 2006","Binseg, CUSUM, PELT",3,18,0.9047619047619048,0.9047619047619048,67206.0,0.11100003536633074,0.6744951449967657,0.2072006476054607,0.35656801344165434,0.14936736583619364,increase,mixed,0.11100003536633074,0.14936736583619364,1.3711772649327507
Орловская область,2006,2006,"Binseg, PELT",2,28,0.8518518518518519,0.5679012345679012,12714.676501656404,0.3230672738456195,3.0177430978411794,0.23966916843426692,0.38098050245551507,0.14131133402124815,increase,strong_jump,0.3230672738456195,0.14131133402124815,1.3576930249424608
Костромская область,2020,"2020, 2021","Binseg, CUSUM, PELT",3,9,0.9523809523809523,0.9523809523809523,28311.33,0.0885209724991618,0.5294957808311341,0.09196971034249181,0.14628093798570999,0.05431122764321818,increase,mixed,0.0885209724991618,0.05431122764321818,1.3570839295969779
Хабаровский край,2007,2007,"Binseg, PELT",2,10,0.9470899470899471,0.6313932980599647,64543.78226220236,0.36509904429282036,2.0765391415410104,0.1562449159172635,0.20354696589961951,0.047302049982356015,increase,mixed,0.36509904429282036,0.047302049982356015,1.3409564390346203
Ставропольский край,2007,2007,"Binseg, PELT",2,10,0.9470899470899471,0.6313932980599647,53665.07182428808,0.27659738791103905,2.0710153876853843,0.266249007426326,0.169216751520818,-0.09703225590550801,increase,mixed,0.27659738791103905,0.09703225590550801,1.3398217887971682
Нижегородская область,2003,"2003, 2004","Binseg, CUSUM",2,18,0.9047619047619048,0.6031746031746031,37399.00112366107,0.3553772336543246,2.3819965069845286,,0.2731324998630511,,increase,mixed,0.3553772336543246,,1.3381224804875815
Орловская область,2004,2004,"Binseg, CUSUM",2,29,0.8465608465608465,0.564373897707231,7811.6700437399595,0.3128717157120935,2.9225072826505976,,0.24354441102035362,,increase,mixed,0.3128717157120935,,1.33572123443148
Амурская область,2006,"2005, 2006, 2007","Binseg, CUSUM, PELT",3,28,0.8518518518518519,0.8518518518518519,28650.901041897483,0.20676021573150893,0.7540537513206385,0.13244216631023378,0.41764910535946365,0.2852069390492299,increase,mixed,0.20676021573150893,0.2852069390492299,1.330532569812127
Воронежская область,2011,"2011, 2012","Binseg, PELT",2,8,0.9576719576719577,0.6384479717813051,155245.0,0.23380700332204785,1.9495297467581296,0.1449084536280634,0.1674063312584672,0.022497877630403812,increase,mixed,0.23380700332204785,0.022497877630403812,1.3290225069054953
Пермский край,2006,2006,"Binseg, PELT",2,28,0.8518518518518519,0.5679012345679012,75519.45185960962,0.3295678144297467,2.8058006757494844,0.1793494898465388,0.3509344448730992,0.1715849550265604,increase,mixed,0.3295678144297467,0.1715849550265604,1.3269162251407849
Астраханская область,2006,2006,"Binseg, PELT",2,28,0.8518518518518519,0.5679012345679012,29383.180390498717,0.357692467909561,2.7842066141712367,0.09250842297283729,0.4215362865163322,0.3290278635434949,increase,mixed,0.357692467909561,0.3290278635434949,1.3236847849459799
Республика Саха (Якутия),2016,2016,"Binseg, PELT",2,9,0.9523809523809523,0.6349206349206349,275576.034,0.3915732507877514,1.948011867224755,0.010421800788550097,0.19074719920596966,0.18032539841741957,increase,mixed,0.3915732507877514,0.18032539841741957,1.321353015769019
Кабардино-Балкарская Республика,2015,2015,"Binseg, PELT",2,4,0.9788359788359788,0.6525573192239859,28328.0,0.27903196676900843,1.7389147752014937,-0.07343408754840886,0.10326907200216279,0.17670315955057164,increase,trend_reversal,0.27903196676900843,0.17670315955057164,1.310049129744165
Чеченская Республика,2021,"2021, 2022","Binseg, CUSUM, PELT",3,14,0.9259259259259259,0.9259259259259259,83282.329,0.08918741135968467,0.5012980408715907,0.013890508992840694,0.33423326353729527,0.3203427545444546,increase,mixed,0.08918741135968467,0.3203427545444546,1.3021574948894679
Республика Крым,2016,2016,"Binseg, PELT",2,9,0.9523809523809523,0.6349206349206349,74795.277,0.5719237736959355,1.8574707327996383,,0.6885115963617703,,increase,mixed,0.5719237736959355,,1.3015472218377966
Псковская область,2006,2006,"Binseg, PELT",2,28,0.8518518518518519,0.5679012345679012,7603.2642156418315,0.37069843440451256,2.6239700099997854,-0.005970085063363231,0.386506753007281,0.3924768380706442,increase,trend_reversal,0.37069843440451256,0.3924768380706442,1.2991138911971045
Псковская область,2009,"2009, 2010","Binseg, PELT",2,2,0.9894179894179894,0.6596119929453262,12717.0,-0.22796260320543948,1.6136216900226341,0.386506753007281,0.3355832632674908,-0.05092348973979022,decrease,mixed,0.22796260320543948,0.05092348973979022,1.2933255611749652
Челябинская область,2018,2018,"Binseg, PELT",2,9,0.9523809523809523,0.6349206349206349,254993.174,0.28143186627551753,1.808183596683507,-0.04386721333811012,0.11696477533981181,0.16083198867792192,increase,trend_reversal,0.28143186627551753,0.16083198867792192,1.2905002333082276
Мурманская область,2017,2017,"Binseg, PELT",2,8,0.9576719576719577,0.6384479717813051,113269.333,0.32487097959176703,1.7744519303688944,-0.0020449584910517244,0.20552344007074697,0.20756839856179868,increase,trend_reversal,0.32487097959176703,0.20756839856179868,1.2899542636584114
Нижегородская область,2006,2006,"Binseg, PELT",2,28,0.8518518518518519,0.5679012345679012,89272.19049153548,0.38232902078839714,2.562646972829501,0.2731324998630511,0.42145715983648974,0.14832465997343863,increase,mixed,0.38232902078839714,0.14832465997343863,1.2894219112672105
Республика Карелия,2004,"2004, 2005","Binseg, CUSUM",2,29,0.8465608465608465,0.564373897707231,13741.233453254235,0.3763410629674351,2.529360895771697,,0.13722103712409586,,increase,mixed,0.3763410629674351,,1.2761153045205402
Красноярский край,2007,2007,"Binseg, PELT",2,10,0.9470899470899471,0.6313932980599647,120833.22805030707,0.30507261356992066,1.7580436436411597,0.31725215779252086,0.35908101155104094,0.04182885375852008,increase,mixed,0.30507261356992066,0.04182885375852008,1.2719554393266659
Свердловская область,2006,2006,"Binseg, PELT",2,28,0.8518518518518519,0.5679012345679012,133475.90866342152,0.4664620426880268,2.4416751629448354,0.2638220393984627,0.2988148812210753,0.034992841822612586,increase,mixed,0.4664620426880268,0.034992841822612586,1.2698034897048993
Белгородская область,2010,2010,"Binseg, PELT",2,8,0.9576719576719577,0.6384479717813051,96313.0,0.31706483241483996,1.6434597473594004,-0.06638058934979028,0.17552990745884606,0.24191049680863635,increase,trend_reversal,0.31706483241483996,0.24191049680863635,1.2590759474038447
Тамбовская область,2006,2006,"Binseg, PELT",2,28,0.8518518518518519,0.5679012345679012,19666.82303574441,0.3380611672162479,2.3417060453126264,0.2882705007902881,0.38763090280446794,0.09936040201417984,increase,mixed,0.3380611672162479,0.09936040201417984,1.2530635500626304
Мурманская область,2005,2005,"Binseg, CUSUM",2,18,0.9047619047619048,0.6031746031746031,20017.0,0.3520210276512252,1.9227460477728324,0.19736415714644487,0.14798757451892477,-0.049376582627520094,increase,mixed,0.3520210276512252,0.049376582627520094,1.2500936010102723
Республика Марий Эл,2010,"2010, 2011","Binseg, PELT",2,8,0.9576719576719577,0.6384479717813051,22304.0,0.34555984555984565,1.5391779353891741,-0.01859222606374475,0.17507421229604017,0.19366643835978492,increase,trend_reversal,0.34555984555984565,0.19366643835978492,1.2333795731572836
Пензенская область,2011,2011,"Binseg, PELT",2,8,0.9576719576719577,0.6384479717813051,57495.0,0.25870221988703523,1.5345201205005194,-0.07085231288082118,0.17850702023360107,0.24935933311442227,increase,trend_reversal,0.25870221988703523,0.24935933311442227,1.2322073420661739
Ростовская область,2012,2012,"Binseg, PELT",2,4,0.9788359788359788,0.6525573192239859,207935.0,0.2527865138753329,1.4298180326189283,-0.014450645803652013,0.11968881845189012,0.13413946425554213,increase,trend_reversal,0.2527865138753329,0.13413946425554213,1.2319083901507388
Астраханская область,2012,2012,"Binseg, PELT",2,4,0.9788359788359788,0.6525573192239859,81665.0,0.18313919796012978,1.4255188800999055,0.0540382918127007,0.17915660323743454,0.12511831142473384,increase,mixed,0.18313919796012978,0.12511831142473384,1.23075277758405
Ивановская область,2019,2019,"Binseg, PELT",2,7,0.962962962962963,0.6419753086419753,37419.494,0.2745130890551666,1.4909546552085526,0.11586246993707101,0.09521551572433269,-0.020646954212738322,increase,mixed,0.2745130890551666,0.020646954212738322,1.2278843666493688
Республика Карелия,2010,2010,"Binseg, PELT",2,8,0.9576719576719577,0.6384479717813051,22798.0,0.21966616734431832,1.4763603243923398,-0.01220002879326388,0.19905663337903334,0.21125666217229722,increase,trend_reversal,0.21966616734431832,0.21125666217229722,1.2173861257841812
Новосибирская область,2006,2006,"Binseg, PELT",2,28,0.8518518518518519,0.5679012345679012,51176.021380041704,0.3895577229911673,2.0741509426766833,0.24856346951432484,0.47907197936008833,0.2305085098457635,increase,mixed,0.3895577229911673,0.2305085098457635,1.2056706464039413
Владимирская область,2006,2006,"Binseg, PELT",2,28,0.8518518518518519,0.5679012345679012,22253.26200937366,0.2843113065951208,2.066059273919674,0.2587446651118047,0.35269740682007333,0.09395274170826862,increase,mixed,0.2843113065951208,0.09395274170826862,1.2041738665951618
Московская область,2006,2006,"Binseg, PELT",2,28,0.8518518518518519,0.5679012345679012,236930.86290286956,0.3071326431803463,2.0262541352895482,0.2721461077859236,0.35468933360619415,0.08254322582027057,increase,mixed,0.3071326431803463,0.08254322582027057,1.1967528074586504
Хабаровский край,2019,2019,"Binseg, PELT",2,7,0.962962962962963,0.6419753086419753,178207.844,0.2400865998834969,1.3655177404894145,0.08975867988174639,0.1619324746117557,0.0721737947300093,increase,mixed,0.2400865998834969,0.0721737947300093,1.1947140693635723
Приморский край,2007,2007,"Binseg, PELT",2,10,0.9470899470899471,0.6313932980599647,46988.100654629765,0.3725780161694603,1.4383636108942874,0.30463248843575735,0.5797394254041822,0.27510693696842486,increase,mixed,0.3725780161694603,0.27510693696842486,1.1941712951854517
Вологодская область,2016,2016,"Binseg, PELT",2,9,0.9523809523809523,0.6349206349206349,114155.392,0.3104138485203298,1.4099590623597045,0.07206503761564995,0.14783401173505212,0.07576897411940217,increase,mixed,0.3104138485203298,0.07576897411940217,1.1934030227209862
Тюменская область (без автономных округов),2021,2021,"Binseg, PELT",2,14,0.9259259259259259,0.6172839506172839,235569.611,-0.2154763724785126,1.4969660593652503,-0.08178745277074817,0.20747163036231886,0.28925908313306703,decrease,trend_reversal,0.2154763724785126,0.28925908313306703,1.1821459374322705
Чувашская Республика,2003,"2003, 2004","Binseg, CUSUM",2,18,0.9047619047619048,0.6031746031746031,10949.041356382619,0.3347308101074604,1.6112945256756506,,0.28714908014677976,,increase,mixed,0.3347308101074604,,1.1821293847374952
Костромская область,2003,"2003, 2004","Binseg, CUSUM, PELT",3,18,0.9047619047619048,0.9047619047619048,5855.453543311294,-0.058916947566615585,0.3524167694414734,,0.4387475891484665,,decrease,mixed,0.058916947566615585,,1.1779033637735532
Республика Мордовия,2006,2006,"Binseg, PELT",2,28,0.8518518518518519,0.5679012345679012,19597.01358159802,0.2958416704091795,1.9162062492281149,0.27006880288417223,0.34732530571394943,0.0772565028297772,increase,mixed,0.2958416704091795,0.0772565028297772,1.1757165793126347
Забайкальский край,2006,"2006, 2007","Binseg, PELT",2,28,0.8518518518518519,0.5679012345679012,22420.728367983636,0.2883995154570531,1.907861323380116,0.20917087441677676,0.374780858556877,0.16560998414010022,increase,mixed,0.2883995154570531,0.16560998414010022,1.1740891610605209
Алтайский край,2006,2006,"Binseg, PELT",2,28,0.8518518518518519,0.5679012345679012,29284.78656527807,0.37203835107187366,1.8256855454064391,0.23404878871127272,0.32382103266491424,0.08977224395364153,increase,mixed,0.37203835107187366,0.08977224395364153,1.1578092133401199
Красноярский край,2004,2004,"Binseg, CUSUM",2,29,0.8465608465608465,0.564373897707231,49089.18504050768,0.3196276323012841,1.841919930877565,,0.31725215779252086,,increase,mixed,0.3196276323012841,,1.1538510649823264
Сахалинская область,2003,2003,"Binseg, CUSUM, PELT",3,18,0.9047619047619048,0.9047619047619048,26338.651626632905,-0.03839939856345298,0.3037895300426099,,0.7185557435069373,,decrease,mixed,0.03839939856345298,,1.1447726616944611
Хабаровский край,2003,"2003, 2004","Binseg, CUSUM",2,18,0.9047619047619048,0.6031746031746031,25115.954494717033,0.24985183738377015,1.4210585539008516,,0.2221457297679052,,increase,mixed,0.24985183738377015,,1.1365045208389182
Севастополь,2021,2021,"Binseg, PELT",2,14,0.9259259259259259,0.6172839506172839,40545.949,0.4573450881485339,1.3089864517536223,-0.2152824815418745,0.4720697292324846,0.687352210774359,increase,trend_reversal,0.4573450881485339,0.687352210774359,1.1338325078847797
Магаданская область,2006,2006,"Binseg, PELT",2,28,0.8518518518518519,0.5679012345679012,7109.287342413142,0.3869074019534027,1.6667788112622237,0.2083460322503678,0.3195354003301699,0.11118936807980212,increase,mixed,0.3869074019534027,0.11118936807980212,1.124939260396754
Чувашская Республика,2006,2006,"Binseg, PELT",2,28,0.8518518518518519,0.5679012345679012,25860.96884492988,0.3299546847482582,1.5883036792616243,0.28714908014677976,0.33434242350401616,0.047193343357236406,increase,mixed,0.3299546847482582,0.047193343357236406,1.1079768482482906
Еврейская автономная область,2009,2009,"Binseg, PELT",2,2,0.9894179894179894,0.6596119929453262,8039.0,-0.22894686361020522,0.9721240486752243,0.27131547566926517,0.5757699095517482,0.30445443388248306,decrease,mixed,0.22894686361020522,0.30445443388248306,1.107561858103065
Республика Ингушетия,2011,2011,"Binseg, PELT",2,8,0.9576719576719577,0.6384479717813051,6100.0,-0.18142780461621044,1.0706545409812769,0.3171974280070198,0.5720816451554528,0.254884217148433,decrease,mixed,0.18142780461621044,0.254884217148433,1.1031517519609544
Омская область,2018,2018,"Binseg, PELT",2,9,0.9523809523809523,0.6349206349206349,121385.016,0.23035257145275279,1.0681724924877416,0.023016860888897192,0.2507968157378879,0.22777995484899072,increase,mixed,0.23035257145275279,0.22777995484899072,1.0962954688645183
Чукотский автономный округ,2018,2018,"Binseg, PELT",2,9,0.9523809523809523,0.6349206349206349,17381.181,0.39048213251866315,1.061769983379757,-0.07876503405159577,0.2969004224280573,0.3756654564796531,increase,trend_reversal,0.39048213251866315,0.3756654564796531,1.094326875631921
Республика Алтай,2006,2006,"Binseg, PELT",2,28,0.8518518518518519,0.5679012345679012,4080.3054996015403,0.4002421069325808,1.4935116766445513,0.44899405811757453,0.310339074340302,-0.13865498377727253,increase,mixed,0.4002421069325808,0.13865498377727253,1.086788065753186
Костромская область,2011,2011,"Binseg, PELT",2,8,0.9576719576719577,0.6384479717813051,17648.0,0.16874172185430458,1.009343065824103,-0.054765170531272,0.11616840711164277,0.17093357764291478,increase,trend_reversal,0.16874172185430458,0.17093357764291478,1.0839619691937563
Республика Карелия,2020,2020,"Binseg, PELT",2,9,0.9523809523809523,0.6349206349206349,55610.027,0.15230623589456416,1.0236391272754228,0.074634731092302,0.2755921589035475,0.20095742781124548,increase,mixed,0.15230623589456416,0.20095742781124548,1.0824745642716027
Республика Калмыкия,2019,"2019, 2020","Binseg, CUSUM",2,7,0.962962962962963,0.6419753086419753,15850.483,0.27593093632525867,0.9709824394617025,0.1534785218591455,0.059162113274400234,-0.09431640858474527,increase,mixed,0.27593093632525867,0.09431640858474527,1.0775761749516137
Курганская область,2018,"2018, 2019","Binseg, PELT",2,9,0.9523809523809523,0.6349206349206349,27150.695,0.18815016188186262,0.9999109072019571,-0.0987663975932556,0.24401007838609726,0.34277647597935285,increase,trend_reversal,0.18815016188186262,0.34277647597935285,1.074985798837272
Челябинская область,2006,2006,"Binseg, PELT",2,28,0.8518518518518519,0.5679012345679012,89200.2587931705,0.2244709366512534,1.4422128913703895,0.3433008533187676,0.3538202765170762,0.01051942319830862,increase,mixed,0.2244709366512534,0.01051942319830862,1.0749828314275496
Амурская область,2016,"2016, 2017","Binseg, PELT",2,9,0.9523809523809523,0.6349206349206349,129816.094,0.27004220556870884,0.9848429370397128,0.0010332049176413353,0.33003250623268526,0.3289993013150439,increase,mixed,0.27004220556870884,0.3289993013150439,1.070183991169264
Ленинградская область,2017,2017,"Binseg, PELT",2,8,0.9576719576719577,0.6384479717813051,337673.819,0.27803730616339584,0.9567665639692702,0.21900287167923643,0.11012414369184843,-0.108878727987388,increase,mixed,0.27803730616339584,0.108878727987388,1.067033880656691
Ставропольский край,2018,2018,"Binseg, PELT",2,9,0.9523809523809523,0.6349206349206349,158229.87,0.12971355572703835,0.9712267058302203,0.051909944907746315,0.19215524415869847,0.14024529925095217,increase,mixed,0.12971355572703835,0.14024529925095217,1.065813360172503
Республика Коми,2007,"2007, 2008","Binseg, PELT",2,10,0.9470899470899471,0.6313932980599647,63024.969187966926,-0.15026502004106324,0.9852382960750182,0.3829713481997973,0.2760518441634783,-0.106919504036319,decrease,mixed,0.15026502004106324,0.106919504036319,1.064364278676768
Нижегородская область,2019,2019,"Binseg, PELT",2,7,0.962962962962963,0.6419753086419753,295252.211,0.13824336527247927,0.9266075088905028,0.05578063529500966,0.1320449794191024,0.07626434412409275,increase,mixed,0.13824336527247927,0.07626434412409275,1.0629574792403274
Карачаево-Черкесская Республика,2010,"2010, 2011","Binseg, PELT",2,8,0.9576719576719577,0.6384479717813051,9140.0,-0.09906357811729916,0.9285170494583386,0.05533224664255341,0.3409353116605649,0.28560306501801147,decrease,mixed,0.09906357811729916,0.28560306501801147,1.0577495323950725
Республика Бурятия,2018,2018,"Binseg, PELT",2,9,0.9523809523809523,0.6349206349206349,48526.943,0.14955188459619762,0.9378977886844814,0.07656579806626079,0.14734075675686897,0.07077495869060818,increase,mixed,0.14955188459619762,0.07077495869060818,1.0549865215624485
Липецкая область,2015,2015,"Binseg, PELT",2,4,0.9788359788359788,0.6525573192239859,116134.0,0.09987877410311774,0.8327093937013398,0.061717014584251266,0.10197177890547102,0.04025476432121975,increase,mixed,0.09987877410311774,0.04025476432121975,1.047873551193011
Брянская область,2004,"2004, 2005","Binseg, CUSUM, PELT",3,29,0.8465608465608465,0.8465608465608465,6751.448524192978,0.03430483341824431,0.2678551923910164,,0.3064190673599662,,increase,mixed,0.03430483341824431,,1.047472294526277
Ульяновская область,2003,"2003, 2004","Binseg, CUSUM",2,18,0.9047619047619048,0.6031746031746031,6917.039889990694,0.13109004660208612,1.0793272306809607,,0.37726550534385483,,increase,mixed,0.13109004660208612,,1.044725190396686
Санкт-Петербург,2006,2006,"Binseg, PELT",2,28,0.8518518518518519,0.5679012345679012,193683.50451439974,0.23480118144516382,1.2802402315524413,0.169847204152479,0.3271884345715049,0.15734123041902592,increase,mixed,0.23480118144516382,0.15734123041902592,1.0360113197292047
Оренбургская область,2011,2011,"Binseg, PELT",2,8,0.9576719576719577,0.6384479717813051,116658.0,0.12552099413399187,0.8451801792795378,-0.02456756680107707,0.13519253416010008,0.15976010096117715,increase,trend_reversal,0.12552099413399187,0.15976010096117715,1.0295464708554873
Ненецкий автономный округ,2004,"2004, 2005","Binseg, CUSUM, PELT",3,29,0.8465608465608465,0.8465608465608465,16393.156404787882,-0.045888835752438406,0.23884305309190762,,0.5584665776163554,,decrease,mixed,0.045888835752438406,,1.0278754898465132
Московская область,2017,2017,"Binseg, PELT",2,8,0.9576719576719577,0.6384479717813051,699918.477,0.12676337011877403,0.836299262255826,-0.018686019444441475,0.22181976457081368,0.24050578401525516,increase,trend_reversal,0.12676337011877403,0.24050578401525516,1.0264661796030623
Санкт-Петербург,2021,2021,"Binseg, CUSUM",2,14,0.9259259259259259,0.6172839506172839,896715.831,0.17142193764976366,0.9346684705722199,-0.05407415856826827,0.1777317128341955,0.23180587140246378,increase,trend_reversal,0.17142193764976366,0.23180587140246378,1.024651838743797
Алтайский край,2017,2017,"Binseg, PELT",2,8,0.9576719576719577,0.6384479717813051,87844.002,0.16682220487949073,0.818638420538745,-0.14034162843321393,0.1248983351004034,0.26523996353361734,increase,trend_reversal,0.16682220487949073,0.26523996353361734,1.0202961065072231
Ивановская область,2006,"2006, 2007","Binseg, PELT",2,28,0.8518518518518519,0.5679012345679012,14734.156833333112,0.2209278118439768,1.1999185564066892,0.42854900404255136,0.2849291404796125,-0.14361986356293888,increase,mixed,0.2209278118439768,0.14361986356293888,1.015646118935042
Амурская область,2022,2022,"Binseg, CUSUM",2,1,0.9947089947089947,0.6631393298059964,488038.236,0.1839818467493617,0.6709811228694375,0.0948629207699401,0.3362453808012999,0.2413824600313598,increase,mixed,0.1839818467493617,0.2413824600313598,1.003602324856777
Калужская область,2004,2004,"Binseg, CUSUM",2,29,0.8465608465608465,0.564373897707231,10479.106830152903,0.12036973439712595,1.1698613479486566,,0.27866748735642727,,increase,mixed,0.12036973439712595,,1.001573627121813
Краснодарский край,2004,"2004, 2005","Binseg, CUSUM",2,29,0.8465608465608465,0.564373897707231,96437.87208467243,0.23573458517721058,1.168839141733052,,0.227750689862272,,increase,mixed,0.23573458517721058,,1.0013076919561072
Москва,2017,"2017, 2018","Binseg, PELT",2,8,0.9576719576719577,0.6384479717813051,2007707.66,0.17256245213921373,0.7638516460680372,0.052398504858253134,0.24368752548962164,0.1912890206313685,increase,mixed,0.17256245213921373,0.1912890206313685,1.000767102029922
Удмуртская Республика,2004,2004,"CUSUM, PELT",2,29,0.8465608465608465,0.564373897707231,15539.991378034294,0.18912284332955465,1.1471314762595912,,0.396021390542034,,increase,mixed,0.18912284332955465,,0.9956304785707911
Тамбовская область,2010,2010,"Binseg, PELT",2,8,0.9576719576719577,0.6384479717813051,53980.0,0.1062608873860027,0.736055443519534,0.22906343162590373,0.21463413705605755,-0.01442929456984618,increase,mixed,0.1062608873860027,0.01442929456984618,0.9906258029500349
Камчатский край,2019,2019,"Binseg, PELT",2,7,0.962962962962963,0.6419753086419753,46742.59,0.15982759475457442,0.6884361074108337,0.03871885393176679,0.2590345232435094,0.2203156693117426,increase,mixed,0.15982759475457442,0.2203156693117426,0.9782437216587271
Тюменская область (без автономных округов),2016,2016,"Binseg, PELT",2,9,0.9523809523809523,0.6349206349206349,239758.713,0.10294235926782935,0.7151652690379843,-0.05912505105725121,0.19431302854981544,0.25343807960706666,increase,trend_reversal,0.10294235926782935,0.25343807960706666,0.9774663128640758
Республика Алтай,2021,"2021, 2022","Binseg, CUSUM, PELT",3,14,0.9259259259259259,0.9259259259259259,14703.846,-0.01342743086941689,0.05010473521765076,0.00405958427933829,0.6021174302284954,0.5980578459491571,decrease,mixed,0.01342743086941689,0.5980578459491571,0.9711943583530394
Республика Северная Осетия — Алания,2006,2006,"Binseg, PELT",2,28,0.8518518518518519,0.5679012345679012,6912.362490327331,0.1599869928389548,1.0189222672635825,0.2518165062424212,0.45084825362648695,0.19903174738406576,increase,mixed,0.1599869928389548,0.19903174738406576,0.9668881055178831
Республика Северная Осетия — Алания,2012,2012,"Binseg, PELT",2,4,0.9788359788359788,0.6525573192239859,21851.0,0.09655241631956635,0.6149212832891984,0.17911228774702626,0.17487963399983947,-0.0042326537471867876,increase,mixed,0.09655241631956635,0.0042326537471867876,0.9653190464921608
Свердловская область,2021,2021,"Binseg, CUSUM, PELT",3,14,0.9259259259259259,0.9259259259259259,420242.859,0.007881994168450257,0.04125795377621411,0.04816870220179398,0.26061940462880717,0.2124507024270132,increase,mixed,0.007881994168450257,0.2124507024270132,0.9633606973614617
Новгородская область,2004,"2004, 2005","Binseg, CUSUM, PELT",3,29,0.8465608465608465,0.8465608465608465,8794.891855149144,-0.02019945574331561,0.13826224090954772,,0.3838922666989646,,decrease,mixed,0.02019945574331561,,0.9561928036600587
Новосибирская область,2018,2018,"Binseg, PELT",2,9,0.9523809523809523,0.6349206349206349,197113.609,0.12245939944333961,0.6520196207245581,0.03285596946601135,0.14930426026350863,0.11644829079749727,increase,mixed,0.12245939944333961,0.11644829079749727,0.9536498742731222
Сахалинская область,2013,2013,"Binseg, PELT",2,2,0.9894179894179894,0.6596119929453262,175632.0,0.07074401931377561,0.5596778383167638,0.09732867904143597,0.15916397220068318,0.06183529315924721,increase,mixed,0.07074401931377561,0.06183529315924721,0.9527958606297908
Республика Татарстан,2021,2021,"Binseg, CUSUM",2,14,0.9259259259259259,0.6172839506172839,689232.352,0.11962269381668644,0.7088402856700012,-0.011353026788483872,0.26903512886888575,0.28038815565736963,increase,trend_reversal,0.11962269381668644,0.28038815565736963,0.948033916618111
Магаданская область,2020,2020,"Binseg, CUSUM",2,9,0.9523809523809523,0.6349206349206349,47192.68,0.144416062673288,0.6221375762119529,-0.031190133225651732,0.2731894128480672,0.3043795460737189,increase,trend_reversal,0.144416062673288,0.3043795460737189,0.9420601720439817
Республика Мордовия,2004,2004,"Binseg, CUSUM",2,29,0.8465608465608465,0.564373897707231,10097.917575160409,0.14602270009308582,0.9458086484589151,,0.3314999829474228,,increase,mixed,0.14602270009308582,,0.9400649866551568
Ханты-Мансийский автономный округ — Югра,2016,2016,"Binseg, PELT",2,9,0.9523809523809523,0.6349206349206349,799253.271,0.04331623872492063,0.5963388919478487,0.03179576895114949,0.07614079702389077,0.04434502807274129,increase,mixed,0.04331623872492063,0.04434502807274129,0.9318811522541057
Магаданская область,2011,"2011, 2012","Binseg, PELT",2,8,0.9576719576719577,0.6384479717813051,19061.0,0.13397584627283,0.5771616171235002,0.11068024496030027,0.34336322190131896,0.2326829769410187,increase,mixed,0.13397584627283,0.2326829769410187,0.9293419695996684
Курская область,2017,2017,"Binseg, PELT",2,8,0.9576719576719577,0.6384479717813051,100895.137,0.07726589592851485,0.542568339024125,0.1198588149613975,0.17322091544204882,0.05336210048065132,increase,mixed,0.07726589592851485,0.05336210048065132,0.9151824661690157
Псковская область,2019,"2019, 2020","Binseg, CUSUM",2,7,0.962962962962963,0.6419753086419753,33623.251,0.07432539320038223,0.5261085147352617,0.06883380223750016,0.1739119968359815,0.10507819459848133,increase,mixed,0.07432539320038223,0.10507819459848133,0.9133517793480852
Калининградская область,2015,"2015, 2016","Binseg, PELT",2,4,0.9788359788359788,0.6525573192239859,69015.0,0.08316592378680387,0.4850887264158813,-0.059423971863950584,0.3181294620888296,0.3775534339527802,increase,trend_reversal,0.08316592378680387,0.3775534339527802,0.91062711109746
Ставропольский край,2004,"2004, 2005","Binseg, CUSUM",2,29,0.8465608465608465,0.564373897707231,24681.386293007075,0.11303520380376697,0.8463480013160747,,0.266249007426326,,increase,mixed,0.11303520380376697,,0.9104534093749548
Приморский край,2004,2004,"Binseg, CUSUM",2,29,0.8465608465608465,0.564373897707231,18614.003415595875,0.21892368609765733,0.8451702730160309,,0.30463248843575735,,increase,mixed,0.21892368609765733,,0.9100932978521115
Республика Адыгея,2017,2017,"Binseg, PELT",2,8,0.9576719576719577,0.6384479717813051,20844.685,0.08942520858796765,0.5024158136139639,0.05457653500545721,0.3661213515862139,0.31154481658075667,increase,mixed,0.08942520858796765,0.31154481658075667,0.8983437680855769
Иркутская область,2017,"2017, 2018","Binseg, PELT",2,8,0.9576719576719577,0.6384479717813051,270018.604,0.08898594956865558,0.4999595312350458,0.07264862601720205,0.1530584919029838,0.08040986588578174,increase,mixed,0.08898594956865558,0.08040986588578174,0.8972991226480869
Челябинская область,2003,"2003, 2004","Binseg, CUSUM",2,18,0.9047619047619048,0.6031746031746031,36662.69759168932,0.09750514721439618,0.62646497753982,,0.3433008533187676,,increase,mixed,0.09750514721439618,,0.8965641190969572
Республика Калмыкия,2010,"2010, 2011","Binseg, PELT",2,8,0.9576719576719577,0.6384479717813051,6970.0,-0.1401431038736738,0.49315417359578656,0.13795614852574967,0.3423960955094609,0.2044399469837112,decrease,mixed,0.1401431038736738,0.2044399469837112,0.894395875596636
Республика Саха (Якутия),2006,2006,"Binseg, PELT",2,28,0.8518518518518519,0.5679012345679012,56618.84537106578,0.15600566317664621,0.7761022557363129,0.23766612528359057,0.5097997956877013,0.27213367040411074,increase,mixed,0.15600566317664621,0.27213367040411074,0.8941157541934405
Республика Адыгея,2006,2006,"Binseg, PELT",2,28,0.8518518518518519,0.5679012345679012,4087.7009546333347,0.13452704819132233,0.7558105531690347,0.1710873470994638,0.5888652946290057,0.4177779475295419,increase,mixed,0.13452704819132233,0.4177779475295419,0.8875902195293333
Астраханская область,2004,2004,"Binseg, CUSUM",2,29,0.8465608465608465,0.564373897707231,19744.600123956337,0.09775853815500324,0.7609329044962982,,0.1987628797881282,,increase,mixed,0.09775853815500324,,0.8837213279667642
Владимирская область,2021,"2021, 2022","Binseg, CUSUM",2,14,0.9259259259259259,0.6172839506172839,102361.057,0.07425148318059738,0.5395774345549598,0.1297830866240276,0.28712402519228464,0.15734093856825704,increase,mixed,0.07425148318059738,0.15734093856825704,0.8836469047078521
Забайкальский край,2019,2019,"Binseg, PELT",2,7,0.962962962962963,0.6419753086419753,96182.444,0.06855705879155316,0.4535283656971978,0.024528218791676843,0.2649782823682185,0.24045006357654167,increase,mixed,0.06855705879155316,0.24045006357654167,0.8820701941485896
Санкт-Петербург,2015,2015,"Binseg, PELT",2,4,0.9788359788359788,0.6525573192239859,483423.0,-0.07625766484309171,0.41579062718288984,0.19812627758336515,0.16495454058257025,-0.0331717370007949,decrease,mixed,0.07625766484309171,0.0331717370007949,0.8794437481597003
Владимирская область,2018,2018,"Binseg, PELT",2,9,0.9523809523809523,0.6349206349206349,73502.023,-0.06398981659136938,0.46500702201509486,0.04678067608772506,0.1297830866240276,0.08300241053630254,decrease,mixed,0.06398981659136938,0.08300241053630254,0.8773714512012116
Республика Тыва,2004,"2004, 2005","Binseg, CUSUM",2,29,0.8465608465608465,0.564373897707231,990.693626906346,0.1964316242937505,0.7152870732099025,,0.34462590341795113,,increase,mixed,0.1964316242937505,,0.8688990229201202
Республика Башкортостан,2021,"2021, 2022","Binseg, CUSUM",2,14,0.9259259259259259,0.6172839506172839,422571.607,0.10979274987447352,0.49329894498644006,0.17573113272058033,0.21025628445386088,0.03452515173328055,increase,mixed,0.10979274987447352,0.03452515173328055,0.8648072404831924
Карачаево-Черкесская Республика,2020,"2020, 2021","Binseg, CUSUM",2,9,0.9523809523809523,0.6349206349206349,22732.312,-0.04598349329005991,0.4310005586807871,0.06239857594000792,0.22163740569852816,0.15923882975852025,decrease,mixed,0.04598349329005991,0.15923882975852025,0.8624596133251344
Тульская область,2016,2016,"Binseg, PELT",2,9,0.9523809523809523,0.6349206349206349,112560.598,0.06562211135199614,0.42397351172198083,0.0742832825667102,0.15916594247614246,0.08488265990943226,increase,mixed,0.06562211135199614,0.08488265990943226,0.8593341025383769
Кабардино-Балкарская Республика,2006,"2006, 2007","Binseg, PELT",2,28,0.8518518518518519,0.5679012345679012,6442.9598376479,0.10513890868746145,0.6552209909215811,0.02933936271327075,0.4512733738863761,0.42193401117310536,increase,mixed,0.10513890868746145,0.42193401117310536,0.8540862758263815
Республика Адыгея,2004,2004,"Binseg, CUSUM",2,29,0.8465608465608465,0.564373897707231,2268.18730657429,-0.11352106995523048,0.6377930968735698,,0.294402775967222,,decrease,mixed,0.11352106995523048,,0.8428075699287653
Республика Хакасия,2020,"2020, 2021","Binseg, CUSUM",2,9,0.9523809523809523,0.6349206349206349,34675.932,0.06169291118353115,0.31215634575860535,0.15734652575806862,0.19971084337663067,0.04236431761856205,increase,mixed,0.06169291118353115,0.04236431761856205,0.8074106980296782
Самарская область,2020,"2020, 2021","Binseg, CUSUM",2,9,0.9523809523809523,0.6349206349206349,308525.397,0.0503635400476421,0.3060356074200744,0.06187008532394761,0.1930581674710329,0.1311880821470853,increase,mixed,0.0503635400476421,0.1311880821470853,0.8044420920441968
Волгоградская область,2006,2006,"Binseg, PELT",2,28,0.8518518518518519,0.5679012345679012,39612.920570977716,-0.07305673169585314,0.5033060880320727,0.32849096204213724,0.4015775384840614,0.07308657644192418,decrease,mixed,0.07305673169585314,0.07308657644192418,0.799415680313721
Республика Северная Осетия — Алания,2004,2004,"Binseg, CUSUM",2,29,0.8465608465608465,0.564373897707231,3882.958412338555,0.07835588054073073,0.49903151523300654,,0.28830064434246006,,increase,mixed,0.07835588054073073,,0.7928433117860503
Ненецкий автономный округ,2013,2013,"Binseg, PELT",2,2,0.9894179894179894,0.6596119929453262,61412.0,0.04045811873136351,0.21057715763992302,0.16345263521552025,0.31149410887762524,0.148041473662105,increase,mixed,0.04045811873136351,0.148041473662105,0.7856620214121187
Волгоградская область,2010,"2010, 2011","Binseg, PELT",2,8,0.9576719576719577,0.6384479717813051,78431.0,0.037570610257835035,0.2588333263055341,0.07583042925112295,0.2757809676505402,0.1999505383994173,increase,mixed,0.037570610257835035,0.1999505383994173,0.7854093483393465
Новгородская область,2011,"2011, 2012","Binseg, PELT",2,8,0.9576719576719577,0.6384479717813051,38031.0,-0.03606731890302628,0.246875381124163,0.07535692590865686,0.16653541080275586,0.091178484894099,decrease,mixed,0.03606731890302628,0.091178484894099,0.7793155962732824
Удмуртская Республика,2012,2012,"Binseg, PELT",2,4,0.9788359788359788,0.6525573192239859,64221.0,0.030652693745887527,0.18592502740021014,0.2160313292699534,0.17738985848649214,-0.03864147078346125,increase,mixed,0.030652693745887527,0.03864147078346125,0.7638334057237633
Удмуртская Республика,2021,2021,"Binseg, CUSUM",2,14,0.9259259259259259,0.6172839506172839,125354.258,0.0406026540816824,0.24627687325753747,0.108424398625739,0.1495154639952873,0.04109106536954832,increase,mixed,0.0406026540816824,0.04109106536954832,0.7531855588625581
Ярославская область,2020,"2020, 2021","Binseg, CUSUM",2,9,0.9523809523809523,0.6349206349206349,92691.029,0.018834567537666214,0.13780973487413334,0.029403534055025684,0.11471276097418212,0.08530922691915643,increase,mixed,0.018834567537666214,0.08530922691915643,0.7168921455062988
Еврейская автономная область,2021,"2021, 2022","Binseg, CUSUM",2,14,0.9259259259259259,0.6172839506172839,16827.403,0.02018402764852567,0.08570276249629666,-0.019594060469750905,0.30600763201927095,0.3256016924890219,increase,trend_reversal,0.02018402764852567,0.3256016924890219,0.6680416572162934
Пермский край,2018,2018,"Binseg, PELT",2,9,0.9523809523809523,0.6349206349206349,243613.003,-0.006227419243052479,0.05301760777388245,0.04017300410866616,0.07238778182496408,0.032214777716297924,decrease,mixed,0.006227419243052479,0.032214777716297924,0.6677206060601188
Томская область,2020,"2020, 2021","Binseg, CUSUM",2,9,0.9523809523809523,0.6349206349206349,101399.183,-0.003118573030799432,0.04522958997954709,0.016239727199220177,0.09880302909519807,0.0825633018959779,decrease,mixed,0.003118573030799432,0.0825633018959779,0.6630073426128522
Тульская область,2004,2004,"Binseg, CUSUM",2,29,0.8465608465608465,0.564373897707231,14031.531148901178,0.027557903297291242,0.17804701488459374,,0.27582524916788975,,increase,mixed,0.027557903297291242,,0.6568510731292488
Кабардино-Балкарская Республика,2021,2021,"Binseg, CUSUM",2,14,0.9259259259259259,0.6172839506172839,48578.787,-0.009814717806454598,0.06116488374325106,0.16215323675729473,0.17038039548588726,0.008227158728592532,decrease,mixed,0.009814717806454598,0.008227158728592532,0.6539304022539664
Смоленская область,2004,"2004, 2005","Binseg, CUSUM",2,29,0.8465608465608465,0.564373897707231,11315.47196571227,-0.00975315987437586,0.1112516930160512,,0.1741024210668336,,decrease,mixed,0.00975315987437586,,0.6239080247584182
