region,baseline_sMAPE,xgboost_sMAPE,xgboost_R2,xgboost_improvement_vs_baseline,best_model
Краснодарский край,42.13556268393534,6.451566004973372,0.878941714953977,0.8468854906871077,XGBoost
Магаданская область,55.50973210014012,10.27400472444446,-0.3569546358525901,0.8149152529522201,XGBoost
Чукотский автономный округ,83.72820402656514,15.963043581933054,0.6208806123163966,0.8093468769870148,XGBoost
Республика Северная Осетия — Алания,29.887559705519823,6.044571259097209,0.7172245413118409,0.7977562799153235,XGBoost
Республика Хакасия,48.561552381875295,10.322330573163612,0.2165377241037841,0.7874382084824737,XGBoost
Брянская область,24.34087788368319,5.319502516779206,0.6241357112767555,0.7814580664592581,XGBoost
Республика Карелия,51.415782210029406,11.78252289834932,-0.6111680763048304,0.7708384003530542,XGBoost
Республика Марий Эл,25.52877976337916,6.0746481398602885,0.5010162692004156,0.7620470623286771,XGBoost
Карачаево-Черкесская Республика,40.26518880724267,9.742129174161503,-4.397395640073524,0.7580508259678359,XGBoost
Кировская область,39.76434348924796,9.940537264413813,0.7623552310810274,0.7500137964782023,XGBoost
Самарская область,42.87294164859476,11.04873037101017,0.4207993097100679,0.7422912926859473,XGBoost
Курская область,46.88071443598204,12.588195038030776,-0.3817019342110033,0.7314845733586124,XGBoost
Приморский край,39.52837283754837,10.84068938432207,0.536235027303202,0.725749161776161,XGBoost
Саратовская область,35.13148256945547,9.871412413469196,0.6836647628674406,0.7190152054086171,XGBoost
Ульяновская область,34.192690391224154,9.609465661584071,0.5517249288171415,0.7189614051531195,Prophet
Кемеровская область,34.33618861965916,9.821835756118002,-0.0915424186845212,0.7139509027948863,XGBoost
Еврейская автономная область,38.81121763887664,11.147139152956877,0.726571722960654,0.7127856369599972,XGBoost
Ставропольский край,29.47250232524354,8.826672898384357,0.663624033849762,0.7005115887013024,ARIMA
Рязанская область,41.28936397803445,12.4883969968395,0.4781202179725439,0.6975396132649753,XGBoost
Белгородская область,17.64866015109504,5.374187709348576,0.7703529004818372,0.6954903282550248,XGBoost
Мурманская область,30.114987880251697,9.50578137054439,-1.065210947404017,0.6843504832762051,XGBoost
Тульская область,34.778056156456536,11.0235542134338,0.4205487572629403,0.6830313297602955,XGBoost
Чеченская Республика,52.67435930606774,16.71935967396226,0.6713323430945046,0.6825901654196997,XGBoost
Республика Мордовия,24.532515662505457,7.822988291106577,0.725961807055604,0.6811175666316632,XGBoost
Красноярский край,51.53356817928581,16.448635916755233,0.4741480613949488,0.6808170577373904,XGBoost
Курганская область,34.85482261838558,11.236371634886776,0.6944720649648468,0.6776236173137287,XGBoost
Свердловская область,39.15397368280777,13.284394448127273,0.7193131292164106,0.6607140170306557,XGBoost
Забайкальский край,55.30417574190965,18.807655593947647,0.082113752399322,0.659923408284428,XGBoost
Республика Башкортостан,40.43698635222112,13.774703555156943,0.6201377653312509,0.6593538540391172,XGBoost
Нижегородская область,37.10539551119084,12.659992629213058,0.5585000248050237,0.6588099262977846,XGBoost
Удмуртская Республика,28.954403471181628,9.989409256043414,0.7088918383604397,0.6549951627915286,XGBoost
Республика Татарстан,45.152252782450894,15.693556650208528,0.6504274653577249,0.6524302624318212,XGBoost
Калужская область,20.25933319853188,7.163978356235165,-1.784612841164663,0.6463862711555426,Prophet
Ростовская область,48.40320842616042,17.144260423453545,0.4102635998063365,0.645803222949419,XGBoost
Ярославская область,35.450104292351355,12.604519999755126,0.4436209814399691,0.6444433591560786,XGBoost
Санкт-Петербург,38.29994691685984,13.793941001578895,0.2682805429218264,0.639844383295823,XGBoost
Кабардино-Балкарская Республика,24.67978751021622,9.010482926222751,0.765945043516179,0.6349043555381968,XGBoost
Пензенская область,19.64703407912823,7.311814928705777,0.4773506846317104,0.627841286412111,XGBoost
Республика Бурятия,58.14640485538383,21.739528860919748,0.2219905724814824,0.6261242820602886,XGBoost
Ивановская область,31.130497927395908,11.686560903004477,0.4899068033112022,0.6245944754799472,XGBoost
Севастополь,71.38408536650186,27.00096210902635,-0.2573689766872935,0.6217509551267993,XGBoost
Оренбургская область,25.636761316138102,10.45895296721422,0.6488312352189214,0.5920329858268639,XGBoost
Новосибирская область,40.3849046720681,16.506986891308088,0.1529698920299657,0.591258490632887,XGBoost
Алтайский край,31.08535523137333,12.731073408365944,0.6242719117522716,0.5904478712369055,XGBoost
Томская область,30.491573563032727,12.703666814027226,0.4511451365466188,0.5833712291769404,XGBoost
Волгоградская область,31.69420538611469,13.248016664352122,0.6410741536215132,0.5820050856944308,XGBoost
Республика Алтай,69.37294785909464,29.6510137040318,0.5133713664881561,0.572585357562478,XGBoost
Амурская область,50.90307630478163,21.87948905112713,0.5245175604416309,0.5701735407871241,XGBoost
Воронежская область,18.96023797369844,8.334337246319922,0.2637563031624272,0.5604307679111793,Prophet
Иркутская область,67.33345791723833,30.049647007889728,-1.0458063133443338,0.5537189394784284,XGBoost
Пермский край,41.57704265026033,18.916317086611564,0.3675688585063543,0.5450297596745227,XGBoost
Республика Адыгея,29.078555626604896,13.380561852105249,0.7285440577602038,0.5398477825403767,XGBoost
Тамбовская область,8.42585918992015,4.060600970626157,0.7394047704707032,0.5180787051979397,XGBoost
Орловская область,9.914215691620573,4.898945002090045,-0.5064405904643561,0.5058666106860475,XGBoost
Камчатский край,53.247446384189786,27.37781960586483,-1.2188245770672,0.4858378858522342,XGBoost
Республика Саха (Якутия),53.70910753160045,27.719350285619644,-0.3196050077393149,0.4838985125695748,XGBoost
Республика Дагестан,19.530220783733,10.362221279190477,0.5745813449173578,0.469426311461808,XGBoost
Ленинградская область,40.52174161140994,21.93408749549059,0.5337258797453073,0.4587081743467194,XGBoost
Тверская область,28.948995276855893,15.721029307300368,0.4446717233979661,0.4569404168624464,XGBoost
Чувашская Республика,43.889732342736345,24.62373826147281,-1.0523935149495167,0.4389635810675436,XGBoost
Хабаровский край,40.405671848387,22.73355189928176,0.3639448803184871,0.4373673086148849,XGBoost
Псковская область,27.657009721630587,15.576957284935265,0.2636973802844733,0.4367808580277388,XGBoost
Смоленская область,20.768829041861387,11.86989531912922,0.4983120747182827,0.4284754669989141,XGBoost
Челябинская область,25.09509307923359,14.419781903127014,0.4216397830636962,0.4253943646433609,XGBoost
Новгородская область,21.6212887693933,12.694203248239294,0.6400439971304175,0.412884061462193,XGBoost
Костромская область,42.65288546934205,25.11990772382753,-8.609271302167109,0.4110619376059993,XGBoost
Омская область,5.883614893981299,3.587836696666787,0.6620648768955969,0.3901985834700025,XGBoost
Владимирская область,43.37350084069465,27.23380758720804,-1.393685196589308,0.3721095355610249,XGBoost
Республика Тыва,39.71882843896327,25.08655667392902,0.563614659634785,0.3683963586065978,XGBoost
Калининградская область,24.51104603815712,18.16058465730116,0.4017800333434884,0.2590856943016628,XGBoost
Республика Крым,21.823328711721924,17.370056789831796,0.3913537898203022,0.2040601587739523,XGBoost
Липецкая область,14.41705329568284,11.535520583632673,0.2597412357260895,0.199869741267658,Prophet
Ямало-Ненецкий автономный округ,31.61913959807944,28.120771309910232,-3.3113279506300666,0.1106408438887976,Prophet
Сахалинская область,21.723325882432786,20.77539845374036,-4.075540470962856,0.0436363857828507,Prophet
Московская область,31.826045310876395,31.90248689935462,-2.433187332193454,-0.0024018563328099,Prophet
Ханты-Мансийский автономный округ — Югра,31.91350285922441,32.26061401375593,-2.698120008668445,-0.01087662348012,Prophet
Тюменская область (без автономных округов),20.66102101399085,21.181317420653123,-0.1388097938230694,-0.0251825118569865,Prophet
Ненецкий автономный округ,11.485012838651834,11.838441971462933,-0.0302699571649174,-0.0307730725055581,Baseline
Астраханская область,13.371534953297973,14.8609483217369,-1.1373543618917314,-0.1113868657293961,Chronos
Вологодская область,13.783480862650393,17.46580131164981,-0.6379420328546153,-0.2671546096151616,Chronos
Москва,50.044630175205306,67.8188393583681,-8.05391812009116,-0.3551671602115075,Chronos
Республика Коми,8.053007864519705,11.329934840885972,-0.6821375081823833,-0.4069196294721002,Baseline
Архангельская область (без автономного округа),3.8536000754729822,8.73574643099142,-5.796560187053946,-1.2669052989156413,Baseline
Республика Калмыкия,16.72132866765386,47.52222506367708,-13.520788801050086,-1.8420124984209665,Baseline
Республика Ингушетия,6.356027211366707,22.76001829714817,-10.838838551195876,-2.580856019062604,Baseline
