region,cpd_points,cpd_max_signal,cpd_mean_signal,strongest_cpd_year,strongest_cpd_methods,strongest_cpd_n_methods,strongest_cpd_specificity,cpd_signal,strongest_cpd_direction,strongest_cpd_event_type,best_model
Алтайский край,2,1.15780921334012,1.0890526599236716,2006,"Binseg, PELT",2,0.5679012345679012,1.15780921334012,increase,mixed,XGBoost
Амурская область,3,1.330532569812127,1.134772961946056,2006,"Binseg, CUSUM, PELT",3,0.8518518518518519,1.330532569812127,increase,mixed,XGBoost
Архангельская область (без автономного округа),1,1.6962321390492356,1.6962321390492356,2016,"Binseg, PELT",2,0.6349206349206349,1.6962321390492356,increase,trend_reversal,Baseline
Астраханская область,3,1.32368478494598,1.1460529634989314,2006,"Binseg, PELT",2,0.5679012345679012,1.32368478494598,increase,mixed,Chronos
Белгородская область,2,2.117153840353549,1.688114893878697,2005,"Binseg, CUSUM, PELT",3,0.9047619047619048,2.117153840353549,increase,mixed,XGBoost
Брянская область,1,1.047472294526277,1.047472294526277,2004,"Binseg, CUSUM, PELT",3,0.8465608465608465,1.047472294526277,increase,mixed,XGBoost
Владимирская область,3,1.2041738665951618,0.9883974075014086,2006,"Binseg, PELT",2,0.5679012345679012,1.2041738665951618,increase,mixed,XGBoost
Волгоградская область,2,0.799415680313721,0.7924125143265337,2006,"Binseg, PELT",2,0.5679012345679012,0.799415680313721,decrease,mixed,XGBoost
Вологодская область,2,1.7036945645998518,1.4485487936604189,2003,"Binseg, CUSUM, PELT",3,0.9047619047619048,1.7036945645998518,increase,mixed,Chronos
Воронежская область,2,2.063196105568524,1.6961093062370098,2005,"Binseg, CUSUM, PELT",3,0.9047619047619048,2.063196105568524,increase,mixed,Prophet
Еврейская автономная область,3,2.1366851761770467,1.3040962304988015,2003,"Binseg, CUSUM, PELT",3,0.9047619047619048,2.1366851761770467,increase,mixed,XGBoost
Забайкальский край,3,1.6154997100604096,1.22388635508984,2003,"Binseg, CUSUM",2,0.6031746031746031,1.6154997100604096,increase,strong_jump,XGBoost
Ивановская область,3,2.2301786923726503,1.4912363926523535,2003,"Binseg, CUSUM, PELT",3,0.9047619047619048,2.2301786923726503,increase,strong_jump,XGBoost
Иркутская область,2,1.9856799151270983,1.4414895188875927,2005,"Binseg, CUSUM, PELT",3,0.9047619047619048,1.9856799151270983,increase,mixed,XGBoost
Кабардино-Балкарская Республика,3,1.310049129744165,0.9393552692748376,2015,"Binseg, PELT",2,0.6525573192239859,1.310049129744165,increase,trend_reversal,XGBoost
Калининградская область,2,2.445551732970566,1.678089422034013,2003,"Binseg, CUSUM, PELT",3,0.9047619047619048,2.445551732970566,increase,strong_jump,XGBoost
Калужская область,2,1.4007033045211117,1.2011384658214623,2006,"Binseg, PELT",2,0.5679012345679012,1.4007033045211117,increase,strong_jump,Prophet
Камчатский край,2,1.4076242614914656,1.1929339915750965,2007,"Binseg, PELT",2,0.6313932980599647,1.4076242614914656,increase,mixed,XGBoost
Карачаево-Черкесская Республика,3,1.8065295273936688,1.242246224371292,2004,"Binseg, CUSUM, PELT",3,0.8465608465608465,1.8065295273936688,increase,mixed,XGBoost
Кемеровская область,1,1.4989144225853643,1.4989144225853643,2003,"Binseg, CUSUM, PELT",3,0.9047619047619048,1.4989144225853643,increase,mixed,XGBoost
Кировская область,1,1.9861424720217928,1.9861424720217928,2004,"Binseg, CUSUM, PELT",3,0.8465608465608465,1.9861424720217928,increase,mixed,XGBoost
Костромская область,3,1.357083929596978,1.2063164208547623,2020,"Binseg, CUSUM, PELT",3,0.9523809523809524,1.357083929596978,increase,mixed,XGBoost
Краснодарский край,2,1.4279683173347768,1.214638004645442,2007,"Binseg, PELT",2,0.6313932980599647,1.4279683173347768,increase,mixed,XGBoost
Красноярский край,3,1.387011385656192,1.2709392966550614,2020,"Binseg, CUSUM, PELT",3,0.9523809523809524,1.387011385656192,increase,mixed,XGBoost
Курганская область,2,1.972028208307832,1.523507003572552,2005,"Binseg, CUSUM, PELT",3,0.9047619047619048,1.972028208307832,increase,mixed,XGBoost
Курская область,2,1.6311142623450028,1.2731483642570092,2005,"Binseg, CUSUM, PELT",3,0.9047619047619048,1.6311142623450028,increase,mixed,XGBoost
Ленинградская область,2,1.553716200417138,1.3103750405369146,2004,"Binseg, CUSUM, PELT",3,0.8465608465608465,1.553716200417138,increase,mixed,XGBoost
Липецкая область,2,2.2965612089177925,1.6722173800554017,2004,"Binseg, CUSUM, PELT",3,0.8465608465608465,2.2965612089177925,increase,strong_jump,Prophet
Магаданская область,3,1.124939260396754,0.9987804673468014,2006,"Binseg, PELT",2,0.5679012345679012,1.124939260396754,increase,mixed,XGBoost
Москва,2,1.619644406260828,1.3102057541453749,2005,"Binseg, CUSUM, PELT",3,0.9047619047619048,1.619644406260828,increase,mixed,Chronos
Московская область,3,1.4495868821536042,1.2242686230717723,2003,"Binseg, CUSUM",2,0.6031746031746031,1.4495868821536042,increase,strong_jump,Prophet
Мурманская область,2,1.2899542636584114,1.270023932334342,2017,"Binseg, PELT",2,0.6384479717813051,1.2899542636584114,increase,trend_reversal,XGBoost
Ненецкий автономный округ,2,1.0278754898465132,0.906768755629316,2004,"Binseg, CUSUM, PELT",3,0.8465608465608465,1.0278754898465132,decrease,mixed,Baseline
Нижегородская область,3,1.3381224804875815,1.2301672903317065,2003,"Binseg, CUSUM",2,0.6031746031746031,1.3381224804875815,increase,mixed,XGBoost
Новгородская область,2,0.9561928036600588,0.8677541999666706,2004,"Binseg, CUSUM, PELT",3,0.8465608465608465,0.9561928036600588,decrease,mixed,XGBoost
Новосибирская область,2,1.2056706464039413,1.0796602603385317,2006,"Binseg, PELT",2,0.5679012345679012,1.2056706464039413,increase,mixed,XGBoost
Омская область,2,2.159554248044937,1.6279248584547277,2005,"Binseg, CUSUM, PELT",3,0.9047619047619048,2.159554248044937,increase,strong_jump,XGBoost
Оренбургская область,2,2.08364655860317,1.5565965147293284,2005,"Binseg, CUSUM, PELT",3,0.9047619047619048,2.08364655860317,increase,mixed,XGBoost
Орловская область,3,1.833089330608044,1.508834529993995,2011,"Binseg, PELT",2,0.6384479717813051,1.833089330608044,increase,trend_reversal,XGBoost
Пензенская область,2,2.012664601961076,1.622435972013625,2005,"Binseg, CUSUM, PELT",3,0.9047619047619048,2.012664601961076,increase,mixed,XGBoost
Пермский край,2,1.3269162251407849,0.997318415600452,2006,"Binseg, PELT",2,0.5679012345679012,1.3269162251407849,increase,mixed,XGBoost
Приморский край,2,1.1941712951854515,1.0521322965187816,2007,"Binseg, PELT",2,0.6313932980599647,1.1941712951854515,increase,mixed,XGBoost
Псковская область,3,1.2991138911971043,1.1685970772400516,2006,"Binseg, PELT",2,0.5679012345679012,1.2991138911971043,increase,trend_reversal,XGBoost
Республика Адыгея,3,0.8983437680855769,0.8762471858478919,2017,"Binseg, PELT",2,0.6384479717813051,0.8983437680855769,increase,mixed,XGBoost
Республика Алтай,2,1.086788065753186,1.0289912120531128,2006,"Binseg, PELT",2,0.5679012345679012,1.086788065753186,increase,mixed,XGBoost
Республика Башкортостан,2,1.5915166417280855,1.2281619411056388,2005,"Binseg, CUSUM, PELT",3,0.9047619047619048,1.5915166417280855,increase,mixed,XGBoost
Республика Бурятия,2,1.484636597474266,1.2698115595183572,2005,"Binseg, CUSUM, PELT",3,0.9047619047619048,1.484636597474266,increase,mixed,XGBoost
Республика Дагестан,1,2.31015281428974,2.31015281428974,2005,"Binseg, CUSUM, PELT",3,0.9047619047619048,2.31015281428974,increase,strong_jump,XGBoost
Республика Ингушетия,2,1.4961705558167808,1.2996611538888676,2004,"Binseg, CUSUM, PELT",3,0.8465608465608465,1.4961705558167808,increase,mixed,Baseline
Республика Калмыкия,3,1.6309621209143812,1.20097805715421,2005,"Binseg, CUSUM, PELT",3,0.9047619047619048,1.6309621209143812,increase,trend_reversal,Baseline
Республика Карелия,3,1.2761153045205402,1.191991998192108,2004,"Binseg, CUSUM",2,0.564373897707231,1.2761153045205402,increase,mixed,XGBoost
Республика Коми,2,1.8665548872986693,1.4654595829877186,2004,"Binseg, CUSUM, PELT",3,0.8465608465608465,1.8665548872986693,increase,mixed,Baseline
Республика Крым,1,1.3015472218377966,1.3015472218377966,2016,"Binseg, PELT",2,0.6349206349206349,1.3015472218377966,increase,mixed,XGBoost
Республика Марий Эл,2,1.6416630784742496,1.4375213258157666,2004,"Binseg, CUSUM, PELT",3,0.8465608465608465,1.6416630784742496,increase,mixed,XGBoost
Республика Мордовия,2,1.1757165793126347,1.0578907829838955,2006,"Binseg, PELT",2,0.5679012345679012,1.1757165793126347,increase,mixed,XGBoost
Республика Саха (Якутия),3,1.471454693366244,1.2289744877762343,2021,"Binseg, CUSUM",2,0.6172839506172839,1.471454693366244,increase,trend_reversal,XGBoost
Республика Северная Осетия — Алания,3,0.9668881055178832,0.9083501545986982,2006,"Binseg, PELT",2,0.5679012345679012,0.9668881055178832,increase,mixed,XGBoost
Республика Татарстан,2,1.8987157760163849,1.423374846317248,2004,"Binseg, CUSUM, PELT",3,0.8465608465608465,1.8987157760163849,increase,mixed,XGBoost
Республика Тыва,2,1.4063544416641212,1.1376267322921207,2008,"Binseg, PELT",2,0.6631393298059964,1.4063544416641212,increase,mixed,XGBoost
Республика Хакасия,3,1.9615294396052247,1.4630790482581737,2004,"Binseg, CUSUM, PELT",3,0.8465608465608465,1.9615294396052247,increase,mixed,XGBoost
Ростовская область,2,1.471268309860497,1.3515883500056178,2005,"Binseg, CUSUM, PELT",3,0.9047619047619048,1.471268309860497,increase,mixed,XGBoost
Рязанская область,1,1.7646878613631902,1.7646878613631902,2003,"Binseg, CUSUM, PELT",3,0.9047619047619048,1.7646878613631902,increase,mixed,XGBoost
Самарская область,2,1.3711772649327507,1.087809678488474,2005,"Binseg, CUSUM, PELT",3,0.9047619047619048,1.3711772649327507,increase,mixed,XGBoost
Санкт-Петербург,3,1.036011319729205,0.980035635544234,2006,"Binseg, PELT",2,0.5679012345679012,1.036011319729205,increase,mixed,XGBoost
Саратовская область,1,1.4659815049770686,1.4659815049770686,2004,"Binseg, CUSUM, PELT",3,0.8465608465608465,1.4659815049770686,increase,mixed,XGBoost
Сахалинская область,2,1.1447726616944611,1.048784261162126,2003,"Binseg, CUSUM, PELT",3,0.9047619047619048,1.1447726616944611,decrease,mixed,Prophet
Свердловская область,2,1.269803489704899,1.1165820935331805,2006,"Binseg, PELT",2,0.5679012345679012,1.269803489704899,increase,mixed,XGBoost
Севастополь,2,1.7966764581180297,1.4652544830014045,2016,"Binseg, PELT",2,0.6349206349206349,1.7966764581180297,increase,strong_jump,XGBoost
Смоленская область,2,1.9044933046409005,1.2642006646996593,2007,"Binseg, PELT",2,0.6313932980599647,1.9044933046409005,increase,strong_jump,XGBoost
Ставропольский край,3,1.3398217887971682,1.105362852781542,2007,"Binseg, PELT",2,0.6313932980599647,1.3398217887971682,increase,mixed,ARIMA
Тамбовская область,3,1.5471150715726767,1.2636014748617803,2003,"Binseg, CUSUM",2,0.6031746031746031,1.5471150715726767,increase,strong_jump,XGBoost
Тверская область,2,1.551279453481373,1.5363359376297918,2007,"Binseg, PELT",2,0.6313932980599647,1.551279453481373,increase,trend_reversal,XGBoost
Томская область,2,2.102452947310536,1.382730144961694,2006,"Binseg, PELT",2,0.5679012345679012,2.102452947310536,increase,trend_reversal,XGBoost
Тульская область,3,1.5287106436342044,1.01496527310061,2007,"Binseg, PELT",2,0.6313932980599647,1.5287106436342044,increase,strong_jump,XGBoost
Тюменская область (без автономных округов),2,1.1821459374322705,1.0798061251481732,2021,"Binseg, PELT",2,0.6172839506172839,1.1821459374322705,decrease,trend_reversal,Prophet
Удмуртская Республика,3,0.9956304785707912,0.8375498143857042,2004,"CUSUM, PELT",2,0.564373897707231,0.9956304785707912,increase,mixed,XGBoost
Ульяновская область,2,1.483405908197939,1.2640655492973123,2006,"Binseg, PELT",2,0.5679012345679012,1.483405908197939,increase,strong_jump,Prophet
Хабаровский край,3,1.3409564390346205,1.224058343079037,2007,"Binseg, PELT",2,0.6313932980599647,1.3409564390346205,increase,mixed,XGBoost
Ханты-Мансийский автономный округ — Югра,2,1.965178743056274,1.4485299476551898,2005,"Binseg, CUSUM, PELT",3,0.9047619047619048,1.965178743056274,increase,mixed,Prophet
Челябинская область,3,1.2905002333082276,1.087349061277578,2018,"Binseg, PELT",2,0.6349206349206349,1.2905002333082276,increase,trend_reversal,XGBoost
Чеченская Республика,2,2.107738858122836,1.7049481765061518,2004,"Binseg, CUSUM, PELT",3,0.8465608465608465,2.107738858122836,increase,strong_jump,XGBoost
Чувашская Республика,3,1.4121131590964224,1.234073130694069,2021,"Binseg, CUSUM, PELT",3,0.925925925925926,1.4121131590964224,increase,trend_reversal,XGBoost
Чукотский автономный округ,1,1.094326875631921,1.094326875631921,2018,"Binseg, PELT",2,0.6349206349206349,1.094326875631921,increase,trend_reversal,XGBoost
Ямало-Ненецкий автономный округ,1,1.5381305674924932,1.5381305674924932,2005,"Binseg, CUSUM, PELT",3,0.9047619047619048,1.5381305674924932,decrease,mixed,Prophet
Ярославская область,2,1.9382672701863628,1.3275797078463307,2003,"Binseg, CUSUM, PELT",3,0.9047619047619048,1.9382672701863628,increase,mixed,XGBoost
