region,year,investments
Амурская область,2021,412200.776
Амурская область,2022,488038.236
Амурская область,2023,745544.0
Амурская область,2024,956122.0
Иркутская область,2021,516288.845
Иркутская область,2022,845789.975
Иркутская область,2023,910224.0
Иркутская область,2024,998764.0
Кемеровская область,2023,414429.0
Кемеровская область,2024,434437.0
Краснодарский край,2010,589623.0
Краснодарский край,2011,711720.0
Краснодарский край,2012,798476.0
Краснодарский край,2013,955208.0
Краснодарский край,2014,750236.0
Краснодарский край,2015,586903.0
Краснодарский край,2016,435095.343
Краснодарский край,2017,503243.028
Краснодарский край,2018,515316.773
Краснодарский край,2019,477635.324
Краснодарский край,2020,518216.851
Краснодарский край,2021,558589.637
Краснодарский край,2022,753059.074
Краснодарский край,2023,869790.0
Краснодарский край,2024,1119624.0
Красноярский край,2016,425931.641
Красноярский край,2017,420886.412
Красноярский край,2018,421779.977
Красноярский край,2019,436406.673
Красноярский край,2020,480202.659
Красноярский край,2021,592070.61
Красноярский край,2022,751962.237
Красноярский край,2023,926948.0
Красноярский край,2024,1089874.0
Ленинградская область,2018,511164.195
Ленинградская область,2019,420872.219
Ленинградская область,2020,405306.639
Ленинградская область,2021,431975.984
Ленинградская область,2022,567274.436
Ленинградская область,2023,739252.0
Ленинградская область,2024,1110531.0
Москва,2005,456025.0
Москва,2006,590162.48229489
Москва,2007,775682.1876755048
Москва,2008,962468.0
Москва,2009,742422.0
Москва,2010,732761.0
Москва,2011,856424.0
Москва,2012,1220097.0
Москва,2013,1413094.0
Москва,2014,1541884.0
Москва,2015,1543601.0
Москва,2016,1712239.426
Москва,2017,2007707.66
Москва,2018,2485175.744
Москва,2019,3268623.168
Москва,2020,3839394.417
Москва,2021,4868342.125
Москва,2022,6047454.874
Москва,2023,7154321.0
Москва,2024,8118831.0
Московская область,2008,481617.0
Московская область,2011,449666.0
Московская область,2012,516872.0
Московская область,2013,587645.0
Московская область,2014,644830.0
Московская область,2015,623918.0
Московская область,2016,621176.101
Московская область,2017,699918.477
Московская область,2018,945424.1
Московская область,2019,1090731.562
Московская область,2020,1077672.088
Московская область,2021,1182601.529
Московская область,2022,1376014.656
Московская область,2023,1658654.0
Московская область,2024,1820021.0
Нижегородская область,2022,467617.439
Нижегородская область,2023,664499.0
Нижегородская область,2024,728171.0
Новосибирская область,2024,590590.0
Пермский край,2023,481410.0
Пермский край,2024,623985.0
Приморский край,2023,403855.0
Приморский край,2024,425590.0
Республика Башкортостан,2021,422571.607
Республика Башкортостан,2022,519533.643
Республика Башкортостан,2023,643468.0
Республика Башкортостан,2024,783798.0
Республика Саха (Якутия),2018,403573.701
Республика Саха (Якутия),2019,420943.741
Республика Саха (Якутия),2021,414796.814
Республика Саха (Якутия),2022,645672.637
Республика Саха (Якутия),2023,745554.0
Республика Саха (Якутия),2024,795212.0
Республика Татарстан,2012,470751.0
Республика Татарстан,2013,525730.0
Республика Татарстан,2014,542781.0
Республика Татарстан,2015,617128.0
Республика Татарстан,2016,636494.114
Республика Татарстан,2017,637611.686
Республика Татарстан,2018,629731.027
Республика Татарстан,2019,640837.132
Республика Татарстан,2020,615593.41
Республика Татарстан,2021,689232.352
Республика Татарстан,2022,888648.777
Республика Татарстан,2023,1180448.0
Республика Татарстан,2024,1435078.0
Ростовская область,2022,470545.907
Ростовская область,2023,645792.0
Ростовская область,2024,717290.0
Самарская область,2022,453920.257
Самарская область,2023,522714.0
Самарская область,2024,568597.0
Санкт-Петербург,2013,475149.0
Санкт-Петербург,2014,523331.0
Санкт-Петербург,2015,483423.0
Санкт-Петербург,2016,678642.235
Санкт-Петербург,2017,672365.243
Санкт-Петербург,2018,852922.87
Санкт-Петербург,2019,744094.798
Санкт-Петербург,2020,765493.459
Санкт-Петербург,2021,896715.831
Санкт-Петербург,2022,1050123.161
Санкт-Петербург,2023,1279472.0
Санкт-Петербург,2024,1529463.0
Свердловская область,2020,416956.411
Свердловская область,2021,420242.859
Свердловская область,2022,569580.103
Свердловская область,2023,707737.0
Свердловская область,2024,898167.0
Тюменская область (без автономных округов),2024,436650.0
Хабаровский край,2023,441725.0
Хабаровский край,2024,625635.0
Ханты-Мансийский автономный округ — Югра,2008,482584.0
Ханты-Мансийский автономный округ — Югра,2009,472195.0
Ханты-Мансийский автономный округ — Югра,2010,507172.0
Ханты-Мансийский автономный округ — Югра,2011,636976.0
Ханты-Мансийский автономный округ — Югра,2012,671089.0
Ханты-Мансийский автономный округ — Югра,2013,718871.0
Ханты-Мансийский автономный округ — Югра,2014,733867.0
Ханты-Мансийский автономный округ — Югра,2015,766070.0
Ханты-Мансийский автономный округ — Югра,2016,799253.271
Ханты-Мансийский автономный округ — Югра,2017,920187.412
Ханты-Мансийский автономный округ — Югра,2018,930721.09
Ханты-Мансийский автономный округ — Югра,2019,986456.304
Ханты-Мансийский автономный округ — Югра,2020,1006037.275
Ханты-Мансийский автономный округ — Югра,2021,1056855.855
Ханты-Мансийский автономный округ — Югра,2022,1328036.703
Ханты-Мансийский автономный округ — Югра,2023,1552284.0
Ханты-Мансийский автономный округ — Югра,2024,1720949.0
Челябинская область,2023,446087.0
Челябинская область,2024,549102.0
Ямало-Ненецкий автономный округ,2011,477145.0
Ямало-Ненецкий автономный округ,2012,581010.0
Ямало-Ненецкий автономный округ,2013,603194.0
Ямало-Ненецкий автономный округ,2014,754187.0
Ямало-Ненецкий автономный округ,2015,779406.0
Ямало-Ненецкий автономный округ,2016,1093081.787
Ямало-Ненецкий автономный округ,2017,1069619.542
Ямало-Ненецкий автономный округ,2018,1021502.317
Ямало-Ненецкий автономный округ,2019,943832.98
Ямало-Ненецкий автономный округ,2020,991793.855
Ямало-Ненецкий автономный округ,2021,1147020.059
Ямало-Ненецкий автономный округ,2022,1417860.003
Ямало-Ненецкий автономный округ,2023,1473657.0
Ямало-Ненецкий автономный округ,2024,1650772.0
