region,0
Республика Крым,10
Севастополь,10
Архангельская область (без автономного округа),23
Алтайский край,23
Белгородская область,23
Брянская область,23
Владимирская область,23
Амурская область,23
Вологодская область,23
Воронежская область,23
Еврейская автономная область,23
Забайкальский край,23
Ивановская область,23
Иркутская область,23
Кабардино-Балкарская Республика,23
Астраханская область,23
Калужская область,23
Камчатский край,23
Карачаево-Черкесская Республика,23
Кемеровская область,23
Кировская область,23
Костромская область,23
Краснодарский край,23
Красноярский край,23
Курганская область,23
Курская область,23
Ленинградская область,23
Липецкая область,23
Магаданская область,23
Москва,23
Московская область,23
Волгоградская область,23
Мурманская область,23
Ненецкий автономный округ,23
Новгородская область,23
Нижегородская область,23
Омская область,23
Оренбургская область,23
Орловская область,23
Новосибирская область,23
Пермский край,23
Приморский край,23
Псковская область,23
Республика Адыгея,23
Республика Алтай,23
Республика Башкортостан,23
Республика Бурятия,23
Пензенская область,23
Республика Дагестан,23
Республика Ингушетия,23
Республика Карелия,23
Республика Калмыкия,23
Республика Коми,23
Республика Марий Эл,23
Республика Мордовия,23
Республика Саха (Якутия),23
Республика Северная Осетия — Алания,23
Республика Татарстан,23
Республика Тыва,23
Республика Хакасия,23
Ростовская область,23
Рязанская область,23
Самарская область,23
Калининградская область,23
Санкт-Петербург,23
Саратовская область,23
Сахалинская область,23
Свердловская область,23
Смоленская область,23
Ставропольский край,23
Тамбовская область,23
Тверская область,23
Томская область,23
Тульская область,23
Тюменская область (без автономных округов),23
Удмуртская Республика,23
Ульяновская область,23
Хабаровский край,23
Ханты-Мансийский автономный округ — Югра,23
Челябинская область,23
Чеченская Республика,23
Чувашская Республика,23
Чукотский автономный округ,23
Ямало-Ненецкий автономный округ,23
Ярославская область,23
