region,model,n_test,MAE,RMSE,sMAPE,R2
Алтайский край,Prophet,4,38232.63561994043,51399.473022703394,22.094490792526713,-0.553808349907758
Амурская область,Prophet,4,351864.78709239233,403652.39583037095,68.3285256487101,-2.5111855031224066
Архангельская область (без автономного округа),Prophet,4,5937.671279006987,7235.337202247347,5.215408988069903,-0.9758726165082223
Астраханская область,Prophet,4,53932.48121388612,56130.91233469829,42.36349161737792,-15.908610450625375
Белгородская область,Prophet,4,11989.916850828304,14966.730907275136,5.946667323886773,0.6272000239484807
Брянская область,Prophet,4,9129.757636093982,12575.921263638162,9.172134923137062,0.04070900784928355
Владимирская область,Prophet,4,45833.90475934827,55721.96051126672,32.40918204296266,-1.7761864682229898
Волгоградская область,Prophet,4,51125.50341860807,60109.681418827655,19.082956077171016,0.23415904479174587
Вологодская область,Prophet,4,28028.195250000004,30200.35718517315,13.907906369876388,0.10940178764727793
Воронежская область,Prophet,4,27736.100268050926,35090.40414546282,8.204764599867383,-0.14666523563761635
Еврейская автономная область,Prophet,4,6172.271633484796,7742.861342168459,24.152475365049604,-0.222164506758602
Забайкальский край,Prophet,4,110197.25886289349,122783.50463682495,58.07807574755402,-3.2154076943057337
Ивановская область,Prophet,4,17339.57478010976,19236.366239010116,31.15508967013918,-2.661880192898657
Иркутская область,Prophet,4,422022.86721602845,452050.12773512356,66.48735944811607,-5.146649410564348
Кабардино-Балкарская Республика,Prophet,4,15368.3199468727,17704.773521290703,25.87041921832924,-1.4207941474264971
Калининградская область,Prophet,4,29347.007856447515,31178.225509300653,20.152088875229087,0.2659920583952248
Калужская область,Prophet,4,6736.667359862095,7590.109370776003,4.958206755885748,-0.39648142057643465
Камчатский край,Prophet,4,47777.00415128561,51512.42946697032,58.047567750800596,-5.039727239486004
Карачаево-Черкесская Республика,Prophet,4,5515.796720831228,5570.926808271062,17.258455787654352,-11.934848305925616
Кемеровская область,Prophet,4,73220.32334703235,76325.79330128066,20.32026671777734,-3.4146349892898726
Кировская область,Prophet,4,22101.527100306284,29480.376209298174,21.112973228435973,-0.5773697934436108
Костромская область,Prophet,4,12193.450493931236,12710.062043654481,31.960100629085535,-10.933143858600369
Краснодарский край,Prophet,4,138113.3449518337,170837.22811978546,16.95011764509467,0.2923009116332015
Красноярский край,Prophet,4,256118.97931099188,299929.19196152827,33.36580735027535,-1.5846813605555363
Курганская область,Prophet,4,19664.88723080374,23193.6008567686,33.266236859815436,-1.6562069558957209
Курская область,Prophet,4,77315.04572586434,79481.19298982019,41.48707018270209,-8.161478925584936
Ленинградская область,Prophet,4,242189.33459675283,330608.1727653374,34.52135682320039,-0.6885255651780833
Липецкая область,Prophet,4,21905.250000000007,33559.13308876974,10.326070985369636,0.18397910945787088
Магаданская область,Prophet,4,23956.74204830674,24662.674616257344,31.61249313451312,-5.897814783225778
Москва,Prophet,4,3355880.470219264,3511324.0242158268,67.20953426535888,-7.349107766859277
Московская область,Prophet,4,407110.7480581608,448999.3934253243,29.878092626356178,-2.3137391061817354
Мурманская область,Prophet,4,98527.57664631859,99501.58124614786,42.973554456053904,-19.664788872498875
Ненецкий автономный округ,Prophet,4,27854.83481578549,29010.682245847463,27.799551798039975,-4.231007428455435
Нижегородская область,Prophet,4,181071.46361501145,218581.14473482769,35.04284379251129,-1.4334879393501994
Новгородская область,Prophet,4,14950.503364926426,18615.612791612413,22.489272125919527,-0.5274587054370645
Новосибирская область,Prophet,4,135708.67590135275,163909.27374103086,36.264275821175985,-1.4670594003636142
Омская область,Prophet,4,31084.460996784648,31631.714038753533,16.303667790059055,-4.333270781871274
Оренбургская область,Prophet,4,37454.35439936187,45859.86616179216,13.686235643309056,0.2817635912499449
Орловская область,Prophet,4,4981.35131195643,5472.23925117258,7.8277144428846865,-3.0634953279696715
Пензенская область,Prophet,4,9463.537934347609,10741.159094210368,8.010826463732462,0.5318079969298016
Пермский край,Prophet,4,121069.66123552801,158964.83034030945,27.626508263706423,-0.7875983633475039
Приморский край,Prophet,4,113328.95016422498,127125.84812544793,36.43418132162361,-2.4400307899997564
Псковская область,Prophet,4,8828.866549189936,12148.972962999018,17.043476800458436,-0.5103847962083998
Республика Адыгея,Prophet,4,14412.969953525695,17769.863116120287,28.667659361529623,-1.0132029529920663
Республика Алтай,Prophet,4,19284.396471090156,22478.723397028756,59.88261208184712,-1.133579510533202
Республика Башкортостан,Prophet,4,177422.62915098522,211632.67707600762,32.50703295664232,-1.4410399071759223
Республика Бурятия,Prophet,4,59347.45504152364,68740.6055150968,55.703040780098604,-2.3125268828423335
Республика Дагестан,Prophet,4,40388.91205325961,48999.11980914556,12.229132573951906,0.1399730588825513
Республика Ингушетия,Prophet,4,6567.376461223393,7154.964850545574,26.467270149268664,-13.557159922636535
Республика Калмыкия,Prophet,4,6929.135162683096,7671.91981151681,34.533083368420996,-3.50620733238018
Республика Карелия,Prophet,4,39303.25068760842,39978.045866982204,51.8701464847226,-16.304641686665402
Республика Коми,Prophet,4,85131.23139805056,85542.03884144241,48.892768322931445,-42.897953226762034
Республика Марий Эл,Prophet,4,4589.939638654285,5244.931725331286,9.723647564637592,0.3787077079374306
Республика Мордовия,Prophet,4,9545.718904393367,10620.91806308403,14.432745477037956,0.37809883992857407
Республика Саха (Якутия),Prophet,4,235315.35387385596,266567.2917539128,41.128850409961814,-2.3221815772070484
Республика Северная Осетия — Алания,Prophet,4,4723.662994776101,5443.215659195698,10.806956162848586,0.04914328504116172
Республика Татарстан,Prophet,4,263076.1226070713,329162.80316001904,25.421832208949525,-0.348123584533929
Республика Тыва,Prophet,4,8811.056098883791,11169.082756050417,33.29149572975165,-0.213779967797739
Республика Хакасия,Prophet,4,14065.492610603978,15159.387510836656,27.101758778206925,-3.0360167162895175
Ростовская область,Prophet,4,167281.04266546702,200842.4393610094,32.42906736075729,-1.383296977981678
Рязанская область,Prophet,4,19215.770193191453,25101.00909656197,19.0310101306145,-0.43118100755249134
Самарская область,Prophet,4,108142.52992948127,119410.0562238576,24.24010120482558,-2.001469160502197
Санкт-Петербург,Prophet,4,298244.1370036807,355645.6735513997,26.675998410636986,-1.2110913976212299
Саратовская область,Prophet,4,52701.71641725635,66463.81576775799,21.444713564118928,-0.33270472128632345
Сахалинская область,Prophet,4,26306.75707723059,30390.586112053064,8.920785499679837,0.49111168342687006
Свердловская область,Prophet,4,173545.4547154433,214041.8495442301,27.500686994420466,-0.47582629547286825
Смоленская область,Prophet,4,12619.912955999993,13499.138857505553,14.918485980676499,0.3781387865451873
Ставропольский край,Prophet,4,97810.25353092965,105208.40631045448,35.2526992566974,-3.375484247796175
Тамбовская область,Prophet,4,48690.34577797298,48729.15416309735,43.660969142861404,-36.771545839880616
Тверская область,Prophet,4,31430.539033534355,33805.44244351242,25.507565078579326,0.23925502512894736
Томская область,Prophet,4,20363.448730197888,23850.52451802684,14.272034505306067,0.3327789911154365
Тульская область,Prophet,4,47112.004962102874,52559.72537890713,22.34940834121064,-1.5280771205139683
Тюменская область (без автономных округов),Prophet,4,42653.197187952006,58792.11175973819,13.18939824063431,0.3281228530263449
Удмуртская Республика,Prophet,4,38619.4405277701,49556.04325613369,23.95505743066054,-0.7762559773111306
Ульяновская область,Prophet,4,9373.844104558226,14031.465754155832,7.605921558950682,0.30534546131251783
Хабаровский край,Prophet,4,179568.27771129186,227831.32174064053,50.50561211302402,-1.2990142139515815
Ханты-Мансийский автономный округ — Югра,Prophet,4,264801.838179442,314176.69886692544,19.203051281052304,-0.5902487305125046
Челябинская область,Prophet,4,92642.87129591202,115186.51584182623,22.63270059986784,-0.882290906565049
Чеченская Республика,Prophet,4,50140.402120494386,62625.86163165383,37.97128986067702,-1.0531306967108502
Чувашская Республика,Prophet,4,23683.528983022967,27728.528188373766,26.049993105193924,-0.7104505011350359
Чукотский автономный округ,Prophet,4,56792.269686727814,59479.60275784616,106.27577098709122,-9.090691986365162
Ямало-Ненецкий автономный округ,Prophet,4,185522.6005820898,219029.72693470737,13.240656383238253,-0.4689400189858821
Ярославская область,Prophet,4,20503.88427600127,29446.343893152094,14.723065729043562,-0.31450683445694394
