region,best_baseline,baseline_MAE,baseline_RMSE,baseline_sMAPE,arima_MAE,arima_RMSE,arima_sMAPE,arima_R2,xgboost_MAE,xgboost_RMSE,xgboost_sMAPE,xgboost_R2,prophet_MAE,prophet_RMSE,prophet_sMAPE,prophet_R2,chronos_MAE,chronos_RMSE,chronos_sMAPE,chronos_R2,best_model,arima_improvement_vs_baseline,xgboost_improvement_vs_baseline,prophet_improvement_vs_baseline,chronos_improvement_vs_baseline,cpd_points,cpd_max_signal,cpd_mean_signal,strongest_cpd_year,strongest_cpd_methods,strongest_cpd_n_methods,strongest_cpd_specificity,cpd_signal,strongest_cpd_direction,strongest_cpd_event_type
Алтайский край,Naive,50446.10674999999,65154.33581941809,31.08535523137333,46853.061999882586,61906.62585627822,28.30318226299558,-1.2540024623131516,21759.19709375,25275.326377033616,12.731073408365944,0.6242719117522716,38232.63561994043,51399.473022703394,22.094490792526717,-0.553808349907758,54629.6793125,71656.23402264345,34.332027818564505,-2.019868814965667,XGBoost,0.08950108331301306,0.5904478712369055,0.2892315166394643,-0.10444379879289345,2,1.15780921334012,1.0890526599236716,2006,"Binseg, PELT",2,0.5679012345679012,1.15780921334012,increase,mixed
Амурская область,Naive,290042.514,361288.3720779962,50.90307630478163,290042.514,361288.3720779962,50.90307630478163,-1.812850652756067,131868.003,148541.5284257488,21.87948905112713,0.5245175604416309,351864.78709239233,403652.39583037095,68.3285256487101,-2.511185503122406,306737.4014375,384130.354913164,54.87235470637073,-2.179771853248333,XGBoost,0.0,0.5701735407871241,-0.34232605588695225,-0.07797718113976233,3,1.330532569812127,1.134772961946056,2006,"Binseg, CUSUM, PELT",3,0.8518518518518519,1.330532569812127,increase,mixed
Архангельская область (без автономного округа),Naive,4315.382750000001,6033.461531845071,3.8536000754729822,,,,,10156.949875000002,13419.11542640738,8.73574643099142,-5.796560187053946,5937.671279006987,7235.337202247347,5.215408988069903,-0.9758726165082224,,,,,Baseline,,-1.2669052989156413,-0.3533861547451251,,1,1.6962321390492356,1.6962321390492356,2016,"Binseg, PELT",2,0.6349206349206349,1.6962321390492356,increase,trend_reversal
Астраханская область,Naive,13631.41275,18934.70386847508,13.371534953297973,13550.4350180755,18522.282900191505,13.304057001156185,-0.8411651363228103,15771.023843749996,19956.593340442043,14.8609483217369,-1.1373543618917314,53932.48121388612,56130.91233469829,42.36349161737792,-15.908610450625376,12936.959625,17725.241708525133,13.02405137602221,-0.6861183259233465,Chronos,0.005046387896188763,-0.11138686572939611,-2.1681846373911866,0.02598681291933938,3,1.32368478494598,1.1460529634989314,2006,"Binseg, PELT",2,0.5679012345679012,1.32368478494598,increase,mixed
Белгородская область,Naive,34364.033,41911.90142146277,17.64866015109504,34364.033,41911.90142146277,17.64866015109504,-1.9234569501932723,10403.625,11746.797842091348,5.374187709348576,0.7703529004818372,11989.916850828304,14966.730907275136,5.946667323886773,0.6272000239484807,59910.977515625,70331.75392805022,33.81353264792135,-7.232369802408774,XGBoost,0.0,0.6954903282550248,0.663052760210933,-0.9159263285957339,2,2.117153840353549,1.688114893878697,2005,"Binseg, CUSUM, PELT",3,0.9047619047619048,2.117153840353549,increase,mixed
Брянская область,Naive,21757.86575,25264.006419192832,24.34087788368319,21757.86575,25264.006419192832,24.34087788368319,-2.8714637144473123,5394.5907187500015,7871.910702044918,5.319502516779206,0.6241357112767555,9129.757636093982,12575.921263638162,9.172134923137062,0.0407090078492835,31624.276265625,34988.99166880875,37.98552638313781,-6.42563505008398,XGBoost,0.0,0.7814580664592581,0.6231797814784008,-0.5605651761887048,1,1.047472294526277,1.047472294526277,2004,"Binseg, CUSUM, PELT",3,0.8465608465608465,1.047472294526277,increase,mixed
Владимирская область,Naive,57645.599,66644.0775444489,43.37350084069465,57645.599,66644.0775444489,43.37350084069465,-2.971174570391904,42213.909,51741.09180054986,27.23380758720804,-1.393685196589308,45833.90475934827,55721.96051126672,32.40918204296266,-1.7761864682229898,61328.4949375,70560.2711116048,47.059307832334085,-3.451602097050716,XGBoost,0.0,0.37210953556102494,0.25278842116071143,-0.08497831441314667,3,1.2041738665951618,0.9883974075014086,2006,"Binseg, PELT",2,0.5679012345679012,1.2041738665951618,increase,mixed
Волгоградская область,MA5,79979.12064999998,105425.6913582338,31.69420538611469,82578.20925,107410.78763956208,33.04624484311332,-1.4453753927117257,35414.3043125,41150.725750155616,13.248016664352122,0.6410741536215132,51125.50341860807,60109.681418827655,19.082956077171016,0.2341590447917458,105819.53828125,132055.43053017277,45.686018111961054,-2.696257902607881,XGBoost,-0.04265888481908318,0.5820050856944308,0.3979039434908406,-0.4414628022817134,2,0.799415680313721,0.7924125143265337,2006,"Binseg, PELT",2,0.5679012345679012,0.799415680313721,decrease,mixed
Вологодская область,MA3,28028.19525,34837.68188809185,13.783480862650393,28132.790002860405,32572.1444449987,13.850917178542604,-0.0359775978011731,35891.29915625,40956.27344378361,17.46580131164981,-0.6379420328546153,28028.195250000004,30200.35718517315,13.907906369876388,0.1094017876472779,27331.55853125,37640.566871693256,13.516620698817688,-0.3834707158543122,Chronos,-0.004892546125626768,-0.2671546096151616,-0.009027146949734256,0.019360868745124164,2,1.7036945645998518,1.4485487936604189,2003,"Binseg, CUSUM, PELT",3,0.9047619047619048,1.7036945645998518,increase,mixed
Воронежская область,MA3,60096.158500000034,68449.90537132784,18.96023797369844,90607.04737291696,97761.00757434272,30.36296064420021,-7.90002534812211,27285.6224375,28117.76792322365,8.334337246319922,0.2637563031624272,27736.100268050926,35090.40414546282,8.204764599867383,-0.1466652356376163,171919.155640625,184773.78849568169,68.65709494658297,-30.793667822534868,Prophet,-0.6014018751409965,0.5604307679111793,0.5672646824766125,-2.621109346930339,2,2.063196105568524,1.6961093062370098,2005,"Binseg, CUSUM, PELT",3,0.9047619047619048,2.063196105568524,increase,mixed
Еврейская автономная область,MA3,9135.556749999998,11511.397375235976,38.81121763887664,9152.35575,11524.733757127637,38.90726508015886,-1.7076249372265615,2653.3866445312506,3662.3374792508766,11.147139152956877,0.726571722960654,6172.271633484796,7742.861342168459,24.152475365049604,-0.222164506758602,11666.75123046875,14606.962250070865,53.95379089627556,-3.349571924584205,XGBoost,-0.0024747340363268375,0.7127856369599972,0.37769343930976246,-0.3901597058431585,3,2.1366851761770467,1.3040962304988017,2003,"Binseg, CUSUM, PELT",3,0.9047619047619048,2.1366851761770467,increase,mixed
Забайкальский край,Naive,106932.56675,122519.09058173354,55.30417574190965,76853.31330845939,90603.07202595304,36.14804713108168,-1.295331304234431,44077.329625,57294.72838704925,18.807655593947647,0.082113752399322,110197.25886289348,122783.50463682496,58.07807574755402,-3.2154076943057337,115315.909703125,131400.94364217,61.30801247198895,-3.827880382255396,XGBoost,0.3463776171301185,0.659923408284428,-0.0501571530256493,-0.1085602786686065,3,1.6154997100604096,1.22388635508984,2003,"Binseg, CUSUM",2,0.6031746031746031,1.6154997100604096,increase,strong_jump
Ивановская область,Naive,17403.4825,20098.0723430381,31.130497927395908,16374.132600211507,19087.655535270347,28.91692629914483,-2.605481198000911,6900.79928125,7179.525410795065,11.686560903004477,0.4899068033112022,17339.57478010976,19236.36623901012,31.15508967013918,-2.661880192898657,19829.7865859375,23302.589358202426,36.54051247453811,-4.37361343818859,XGBoost,0.07110620695543256,0.6245944754799472,-0.0007899566142702353,-0.17378503099307016,3,2.2301786923726503,1.4912363926523537,2003,"Binseg, CUSUM, PELT",3,0.9047619047619048,2.2301786923726503,increase,strong_jump
Иркутская область,Naive,427776.593,465014.4702056209,67.33345791723833,400513.0996637084,436921.9328151,61.49311194775593,-4.742128968193917,238328.23625,260795.22301879607,30.049647007889728,-1.0458063133443338,422022.8672160285,452050.1277351236,66.48735944811607,-5.146649410564348,426920.33,468135.6769727842,67.00287009904532,-5.591871469654919,XGBoost,0.08673765094109616,0.5537189394784284,0.012565795598411623,0.004909710987951126,2,1.9856799151270983,1.4414895188875927,2005,"Binseg, CUSUM, PELT",3,0.9047619047619048,1.9856799151270983,increase,mixed
Кабардино-Балкарская Республика,Naive,14889.77575,18549.38779276333,24.67978751021622,14001.97881118085,17181.708393440178,22.975039908329,-1.2798684956013235,5452.8446953125,5505.165334608132,9.010482926222751,0.765945043516179,15368.3199468727,17704.773521290703,25.87041921832924,-1.4207941474264971,23963.288,29238.913052718428,44.63140234657465,-5.602365413672978,XGBoost,0.06907464665899325,0.6349043555381968,-0.0482431912195418,-0.8084192308422204,3,1.310049129744165,0.9393552692748376,2015,"Binseg, PELT",2,0.6525573192239859,1.310049129744165,increase,trend_reversal
Калининградская область,MA3,35665.46625,43622.80285400282,24.51104603815712,41560.94825,52178.02732855911,29.305941888935767,-1.0557641239017177,25772.732375,28146.958104134075,18.16058465730116,0.4017800333434884,29347.007856447515,31178.225509300653,20.152088875229087,0.2659920583952248,58687.758359375,72499.63986451292,45.65446482134099,-2.968895547888048,XGBoost,-0.19562183691851756,0.2590856943016628,0.1778364397889142,-0.8626077708095052,2,2.445551732970566,1.678089422034013,2003,"Binseg, CUSUM, PELT",3,0.9047619047619048,2.445551732970566,increase,strong_jump
Калужская область,Naive,25450.316250000003,26248.27817654804,20.259333198531877,25555.87758518645,26350.64305016993,20.352470134056038,-15.831449954573976,9771.978968750002,10717.978060837757,7.163978356235165,-1.784612841164663,6736.667359862095,7590.109370776003,4.958206755885748,-0.3964814205764346,28221.582484375,29156.028309428177,22.74710598543269,-19.606100828908644,Prophet,-0.004597235980644714,0.6463862711555426,0.7552630825853118,-0.12279638043966289,2,1.4007033045211117,1.2011384658214623,2006,"Binseg, PELT",2,0.5679012345679012,1.4007033045211117,increase,strong_jump
Камчатский край,Naive,44955.672000000006,49602.001056950015,53.247446384189786,44955.672000000006,49602.001056950015,53.247446384189786,-4.600046776597491,28415.147609375003,31222.297230974345,27.37781960586483,-1.2188245770672,47777.00415128561,51512.42946697032,58.0475677508006,-5.039727239486004,53140.813625,59054.482238248325,66.78027533852942,-6.937778801549847,XGBoost,0.0,0.4858378858522342,-0.09014744729685417,-0.25414982075756026,2,1.4076242614914656,1.1929339915750963,2007,"Binseg, PELT",2,0.6313932980599647,1.4076242614914656,increase,mixed
Карачаево-Черкесская Республика,MA3,11678.997083333335,11781.269993409356,40.26518880724267,11941.31002210529,12041.025907578236,41.360087810545394,-59.42733152430989,3206.205421875,3598.6441987373105,9.742129174161503,-4.397395640073524,5515.796720831228,5570.926808271062,17.258455787654352,-11.934848305925616,16096.06919140625,16372.989088472506,60.26408936389928,-110.72809123374972,XGBoost,-0.02719219841596216,0.7580508259678359,0.5713802344185208,-0.4966796667065254,3,1.8065295273936692,1.242246224371292,2004,"Binseg, CUSUM, PELT",3,0.8465608465608465,1.8065295273936692,increase,mixed
Кемеровская область,Naive,116022.13024999996,121576.11426094644,34.33618861965916,150688.09634735156,158623.1782170937,47.21283489869226,-18.0671350155992,35416.6815625,37952.83611700249,9.821835756118002,-0.0915424186845212,73220.32334703235,76325.79330128066,20.32026671777734,-3.4146349892898726,155859.02531250002,165747.05224627996,49.350278906319176,-19.818228644642552,XGBoost,-0.37501676210098,0.7139509027948863,0.40819678785947183,-0.43726723583012084,1,1.4989144225853643,1.4989144225853643,2003,"Binseg, CUSUM, PELT",3,0.9047619047619048,1.4989144225853643,increase,mixed
Кировская область,Naive,36768.85025,43622.51880838054,39.76434348924796,36768.85025,43622.51880838054,39.76434348924796,-2.453734542306866,10342.253,11442.749508307246,9.940537264413813,0.7623552310810274,22101.527100306284,29480.37620929817,21.112973228435973,-0.5773697934436108,49823.2071015625,57548.209119931445,59.26002965009872,-5.010783744121279,XGBoost,0.0,0.7500137964782023,0.46904760959665304,-0.4902805994048984,1,1.9861424720217928,1.9861424720217928,2004,"Binseg, CUSUM, PELT",3,0.8465608465608465,1.9861424720217928,increase,mixed
Костромская область,Naive,15543.550249999998,15973.087258513622,42.65288546934205,15438.7598696345,15871.203553007552,42.30072359431224,-17.607124282397088,10847.845855468751,11405.529706696256,25.119907723827534,-8.609271302167109,12193.450493931236,12710.06204365448,31.96010062908553,-10.933143858600369,18217.277710937506,18718.39416278237,52.064049603553656,-24.881933173563542,XGBoost,0.008256460756516478,0.41106193760599935,0.25069311777141684,-0.2206454271652064,3,1.357083929596978,1.2063164208547625,2020,"Binseg, CUSUM, PELT",3,0.9523809523809524,1.357083929596978,increase,mixed
Краснодарский край,Naive,307048.82675,368128.7375087239,42.13556268393534,331072.8579297085,393250.8415729544,46.49682939969084,-2.749927964120221,55228.568375,70657.04276790399,6.451566004973372,0.878941714953977,138113.3449518337,170837.22811978546,16.95011764509467,0.2923009116332015,402715.7011875,474678.8057582152,60.5196453573176,-4.463655220507382,XGBoost,-0.10350560044658619,0.8468854906871077,0.597724189131166,-0.43630799026664946,2,1.4279683173347768,1.2146380046454421,2007,"Binseg, PELT",2,0.6313932980599647,1.4279683173347768,increase,mixed
Красноярский край,Naive,360011.05275000003,405477.5734974812,51.53356817928581,335616.55831377394,383982.5239794447,46.93599439511388,-3.236356050791228,129569.9695625,135284.16694700826,16.448635916755233,0.4741480613949488,256118.97931099188,299929.19196152827,33.36580735027535,-1.5846813605555363,408276.352375,459582.1133135705,60.93946864795794,-5.068701432436456,XGBoost,0.0892151261130788,0.6808170577373904,0.35254226460323174,-0.1825198758981506,3,1.387011385656192,1.2709392966550614,2020,"Binseg, CUSUM, PELT",3,0.9523809523809524,1.387011385656192,increase,mixed
Курганская область,Naive,20509.519750000003,24963.241883162016,34.85482261838558,19578.778329218912,24160.69245058985,32.86157714483792,-1.8823340072744648,7183.530828125,7866.158383737446,11.236371634886776,0.6944720649648468,19664.88723080374,23193.6008567686,33.26623685981544,-1.6562069558957209,26004.41409375,31347.091052980348,47.235340167507225,-3.8519916228157056,XGBoost,0.057187078395752385,0.6776236173137287,0.045577215410420036,-0.3552024259217156,2,1.972028208307832,1.523507003572552,2005,"Binseg, CUSUM, PELT",3,0.9047619047619048,1.972028208307832,increase,mixed
Курская область,Naive,85700.70674999998,89633.459246497,46.88071443598204,60589.18443927616,62428.62897386624,31.072440598204825,-4.6520295951304975,23812.555,30866.598043876576,12.588195038030776,-0.3817019342110033,77315.04572586434,79481.19298982019,41.48707018270209,-8.161478925584936,100790.26203125,106520.06334535703,57.66304953762331,-15.455067371051255,XGBoost,0.3372020675871782,0.7314845733586124,0.11505038517800838,-0.2299951105985188,2,1.6311142623450028,1.2731483642570092,2005,"Binseg, CUSUM, PELT",3,0.9047619047619048,1.6311142623450028,increase,mixed
Ленинградская область,MA3,273379.8541666666,368432.1464451476,40.52174161140994,306951.716,398687.1344516402,47.76957223915721,-1.4555281231497723,150339.238,173732.24060708846,21.93408749549059,0.5337258797453073,242189.33459675283,330608.1727653374,34.52135682320039,-0.6885255651780833,400042.855,497043.4185930304,70.01202071203838,-2.816533907181225,XGBoost,-0.17886276205133453,0.45870817434671946,0.148078156308069,-0.7277643538481252,2,1.553716200417138,1.3103750405369146,2004,"Binseg, CUSUM, PELT",3,0.8465608465608465,1.553716200417138,increase,mixed
Липецкая область,Naive,29605.659499999994,45810.06359224205,14.41705329568284,23377.796752032533,27389.536252492813,11.26233293580972,0.4564378995210535,24067.74609375,31963.31934789143,11.535520583632673,0.2597412357260895,21905.250000000007,33559.13308876974,10.326070985369636,0.1839791094578708,38898.41796875,58014.093857998094,19.94022115950585,-1.438635190849214,Prophet,0.2188186653106009,0.19986974126765808,0.28375994916646663,-0.3830996355875936,2,2.2965612089177925,1.6722173800554017,2004,"Binseg, CUSUM, PELT",3,0.8465608465608465,2.2965612089177925,increase,strong_jump
Магаданская область,MA3,38053.5445,39195.05057719827,55.50973210014012,41149.93484453063,42178.64035256973,61.51147332762403,-19.17512965165905,7339.692101562501,10938.734295133054,10.27400472444446,-0.3569546358525901,23956.74204830674,24662.674616257344,31.61249313451312,-5.897814783225778,54946.864957031255,56707.86507837416,91.9308439541918,-35.46848964307487,XGBoost,-0.1081205223015076,0.8149152529522201,0.4305053917845638,-0.6561211967002043,3,1.124939260396754,0.9987804673468014,2006,"Binseg, PELT",2,0.5679012345679012,1.124939260396754,increase,mixed
Москва,Naive,2707842.83275,2968020.3876558985,50.044630175205306,2507249.635436648,2792627.0174197266,45.27076253974517,-4.281096722190082,3398903.62475,3656530.125252975,67.8188393583681,-8.05391812009116,3355880.470219264,3511324.0242158268,67.20953426535888,-7.349107766859277,2460119.87475,2737925.493163785,44.20479918902405,-4.076232462236922,Chronos,0.09539220529249422,-0.35516716021150757,-0.3429919260080367,0.11669245962526083,2,1.619644406260828,1.3102057541453749,2005,"Binseg, CUSUM, PELT",3,0.9047619047619048,1.619644406260828,increase,mixed
Московская область,Naive,431650.70825,497151.9799538584,31.826045310876395,440893.7991107508,505198.0793051633,32.659376984869816,-3.195176004428589,409392.218125,457020.1499639561,31.90248689935462,-2.433187332193454,407110.7480581608,448999.3934253243,29.878092626356175,-2.3137391061817354,509846.593125,583281.5813050237,39.013241168804925,-4.592208170189273,Prophet,-0.02618395298107093,-0.0024018563328099614,0.061206243675349686,-0.22582748776117464,3,1.4495868821536042,1.2242686230717723,2003,"Binseg, CUSUM",2,0.6031746031746031,1.4495868821536042,increase,strong_jump
Мурманская область,Naive,73418.929,76612.285229777,30.114987880251697,50485.58282289846,53954.98000162084,19.69408657951417,-5.076228248748934,24274.2748125,31455.50815233483,9.50578137054439,-1.065210947404017,98527.5766463186,99501.58124614786,42.973554456053904,-19.664788872498875,74308.95578125,79251.06460998731,30.54030654976047,-12.10935177909417,XGBoost,0.34603704116285466,0.6843504832762051,-0.42698229290121625,-0.01412315592488354,2,1.2899542636584114,1.2700239323343419,2017,"Binseg, PELT",2,0.6384479717813051,1.2899542636584114,increase,trend_reversal
Ненецкий автономный округ,Naive,10429.934749999997,12690.808053798535,11.485012838651834,10571.703069791129,12705.974086404018,11.643008633402768,-0.0034260758960524,10645.147812500005,12874.808908078056,11.838441971462933,-0.0302699571649174,27854.83481578549,29010.682245847463,27.79955179803997,-4.231007428455435,16318.708359375005,21085.027208804924,19.02316479165319,-1.7632347623576212,Baseline,-0.013756692915415257,-0.03077307250555816,-1.4205068107963228,-0.6563468460072024,2,1.0278754898465132,0.906768755629316,2004,"Binseg, CUSUM, PELT",3,0.8465608465608465,1.0278754898465132,decrease,mixed
Нижегородская область,Naive,190322.90225,236339.24309745425,37.10539551119084,142683.25755108666,181091.9096127616,25.97058901146892,-0.6703285440317905,66102.95175000001,93102.94930956374,12.659992629213058,0.5585000248050237,181071.46361501145,218581.14473482769,35.04284379251129,-1.4334879393501994,195987.5533125,247987.6068925578,38.45631168156714,-2.1323029627382537,XGBoost,0.30008591328351986,0.6588099262977846,0.05558630194515762,-0.03640753997538903,3,1.3381224804875815,1.2301672903317065,2003,"Binseg, CUSUM",2,0.6031746031746031,1.3381224804875815,increase,mixed
Новгородская область,MA5,14155.211,15706.15327849324,21.6212887693933,18889.83003673162,23510.371901008977,30.1110807574307,-1.4363170374448029,7849.212242187499,9036.854882016232,12.694203248239294,0.6400439971304175,14950.503364926426,18615.612791612413,22.489272125919527,-0.5274587054370645,31304.6571640625,37461.46633911443,58.16105518586636,-5.18563585370384,XGBoost,-0.3926589242013822,0.412884061462193,-0.040144848245814525,-1.6899902131735127,2,0.9561928036600588,0.8677541999666706,2004,"Binseg, CUSUM, PELT",3,0.8465608465608465,0.9561928036600588,decrease,mixed
Новосибирская область,Naive,148393.9825,181413.2386518144,40.3849046720681,148226.1394502936,181275.93350742865,40.32504941942304,-2.0175387430755767,70121.66393750001,96042.43154282674,16.506986891308088,0.1529698920299657,135708.67590135275,163909.27374103086,36.26427582117599,-1.4670594003636142,160423.2576875,198443.9962266544,44.55098189750522,-2.6161670337024865,XGBoost,0.001482119448618212,0.591258490632887,0.1020338882647434,-0.10315926852536433,2,1.2056706464039413,1.0796602603385317,2006,"Binseg, PELT",2,0.5679012345679012,1.2056706464039413,increase,mixed
Омская область,Naive,12142.94225,14463.254083373551,5.883614893981299,17887.969925059428,20372.818929527388,8.544975991662884,-1.212332672562462,7244.32115625,7962.374034127178,3.587836696666787,0.6620648768955969,31084.460996784648,31631.714038753533,16.303667790059055,-4.333270781871274,19441.00084375,22443.07791727807,9.545175325296908,-1.6848066642651762,XGBoost,-0.45233434642434706,0.3901985834700025,-1.7710290499701213,-0.6223317632602429,2,2.159554248044937,1.6279248584547277,2005,"Binseg, CUSUM, PELT",3,0.9047619047619048,2.159554248044937,increase,strong_jump
Оренбургская область,MA3,66153.866,83452.40522864209,25.636761316138102,51794.40075950467,65256.38537792684,19.285962866909276,-0.4542794886385422,27508.41421875,32066.902747639662,10.45895296721422,0.6488312352189214,37454.35439936187,45859.86616179216,13.686235643309056,0.2817635912499449,102638.98259375,125162.2755420266,44.38391725063276,-4.349938028243312,XGBoost,0.24772233789262052,0.5920329858268639,0.46614802569879615,-0.7312606964395889,2,2.08364655860317,1.5565965147293284,2005,"Binseg, CUSUM, PELT",3,0.9047619047619048,2.08364655860317,increase,mixed
Орловская область,Naive,5804.542500000001,6407.970356618429,9.914215691620573,5804.542500000001,6407.970356618429,9.914215691620573,-4.571993473652641,2914.0190625000014,3331.894173377209,4.898945002090045,-0.5064405904643561,4981.35131195643,5472.23925117258,7.8277144428846865,-3.0634953279696715,11067.84328125,12214.824445188906,20.00877875862754,-19.24622552190701,XGBoost,0.0,0.5058666106860475,0.21045550284924533,-1.0181907859376937,3,1.833089330608044,1.508834529993995,2011,"Binseg, PELT",2,0.6384479717813051,1.833089330608044,increase,trend_reversal
Пензенская область,Naive,21747.11425000001,26820.85594729616,19.64703407912823,21747.11425000001,26820.85594729616,19.64703407912823,-1.9192209033373824,8022.24303125,11348.653766580386,7.311814928705777,0.4773506846317104,9463.537934347609,10741.159094210368,8.010826463732462,0.5318079969298016,24258.3406875,30317.76985214339,22.287344172826906,-2.7300632543926904,XGBoost,0.0,0.627841286412111,0.5922628101794428,-0.13438720995061418,2,2.012664601961076,1.622435972013625,2005,"Binseg, CUSUM, PELT",3,0.9047619047619048,2.012664601961076,increase,mixed
Пермский край,Naive,166367.88624999998,204485.8342332484,41.57704265026033,166367.88624999998,204485.8342332484,41.57704265026033,-1.9579736562878185,82770.8398125,94552.4311770984,18.916317086611564,0.3675688585063543,121069.661235528,158964.83034030945,27.626508263706423,-0.7875983633475039,196233.15621875,237951.9558911116,51.73506185357984,-3.0054047125906145,XGBoost,0.0,0.5450297596745227,0.3355345521783175,-0.24431798309387232,2,1.3269162251407849,0.9973184156004519,2006,"Binseg, PELT",2,0.5679012345679012,1.3269162251407849,increase,mixed
Приморский край,Naive,121489.8845,139490.8945265016,39.52837283754837,109195.28054401952,129033.6012229926,34.53772037307904,-2.544053257503536,35716.754250000005,46676.86404164218,10.84068938432207,0.536235027303202,113328.95016422498,127125.84812544793,36.43418132162361,-2.4400307899997564,172815.27378125,204702.90732997164,63.34945942273349,-7.919543435825313,XGBoost,0.12625494312603378,0.725749161776161,0.07827773555570075,-0.6026326123537584,2,1.1941712951854515,1.0521322965187816,2007,"Binseg, PELT",2,0.6313932980599647,1.1941712951854515,increase,mixed
Псковская область,Naive,13309.051500000003,16578.681102817347,27.657009721630587,11491.69694383996,15093.989555757227,23.15261617964527,-1.3313987778290866,7959.909773437501,8482.501317033582,15.576957284935265,0.2636973802844733,8828.866549189936,12148.972962999018,17.043476800458436,-0.5103847962083998,13618.5437578125,17343.035312515236,28.40162190129837,-2.077929661781307,XGBoost,0.16286625297970744,0.4367808580277388,0.3837556202929376,-0.026923090643650484,3,1.2991138911971043,1.1685970772400516,2006,"Binseg, PELT",2,0.5679012345679012,1.2991138911971043,increase,trend_reversal
Республика Адыгея,Naive,14556.351,17538.22640276612,29.078555626604896,14556.351,17538.22640276612,29.078555626604896,-0.9610593535226188,6290.941703125,6525.142183940005,13.380561852105249,0.7285440577602038,14412.969953525697,17769.863116120287,28.667659361529623,-1.0132029529920663,20834.267386718748,25509.028506284794,45.55439908060066,-3.1486541555453185,XGBoost,0.0,0.5398477825403767,0.014130559658861836,-0.5665977246449438,3,0.8983437680855769,0.8762471858478919,2017,"Binseg, PELT",2,0.6384479717813051,0.8983437680855769,increase,mixed
Республика Алтай,MA3,21577.47783333333,25615.0917330964,69.37294785909464,22577.977,27241.245842849294,73.56404080582364,-2.1334262442831786,8787.5791640625,10735.346265507224,29.6510137040318,0.5133713664881561,19284.39647109016,22478.72339702876,59.88261208184712,-1.133579510533202,28396.92025488281,33399.99339705712,107.28175810288624,-3.7104056290272993,XGBoost,-0.06041393765249313,0.572585357562478,0.13680167947488128,-0.5464494650103274,2,1.086788065753186,1.0289912120531128,2006,"Binseg, PELT",2,0.5679012345679012,1.086788065753186,increase,mixed
Республика Башкортостан,Naive,211576.5775,251222.46296073293,40.43698635222112,202899.3639907851,243959.4836387969,38.29845851531808,-2.243731058372812,76880.0390625,83484.9795818355,13.774703555156943,0.6201377653312509,177422.62915098522,211632.6770760076,32.50703295664232,-1.4410399071759223,280522.2734375,322504.1180385056,58.67757309085755,-4.668654099470993,XGBoost,0.05288544052901639,0.6593538540391172,0.19610643895432686,-0.4510867001747897,2,1.5915166417280855,1.2281619411056388,2005,"Binseg, CUSUM, PELT",3,0.9047619047619048,1.5915166417280855,increase,mixed
Республика Бурятия,Naive,61471.8435,72147.57671526943,58.14640485538383,61471.8435,72147.57671526943,58.14640485538383,-2.649019649476135,28086.220890625,33313.94599979167,21.739528860919748,0.2219905724814824,59347.45504152364,68740.6055150968,55.70304078009861,-2.312526882842333,74002.444765625,85052.80564475544,76.03911023935059,-4.071191295344922,XGBoost,0.0,0.6261242820602886,0.042020896758142114,-0.30771817154418724,2,1.484636597474266,1.2698115595183572,2005,"Binseg, CUSUM, PELT",3,0.9047619047619048,1.484636597474266,increase,mixed
Республика Дагестан,Naive,61852.053000000014,75354.35716011802,19.530220783733,61852.053000000014,75354.35716011802,19.530220783733,-1.034006035537724,32563.68931250001,34462.00298966613,10.362221279190477,0.5745813449173578,40388.91205325961,48999.11980914556,12.229132573951906,0.1399730588825513,49892.470562500006,62708.31440230854,15.41363222191756,-0.4085937366385921,XGBoost,0.0,0.469426311461808,0.373835415924344,0.21078044162430595,1,2.31015281428974,2.31015281428974,2005,"Binseg, CUSUM, PELT",3,0.9047619047619048,2.31015281428974,increase,strong_jump
Республика Ингушетия,MA5,1368.084899999998,1878.6732249121023,6.356027211366707,1742.0437649794485,2046.8532364641003,8.119336757371958,-0.1913381570536703,5571.91321875,6452.436318816065,22.76001829714817,-10.838838551195876,6567.376461223393,7154.964850545574,26.467270149268664,-13.557159922636536,10036.799061523438,10795.410165096646,64.47741010707695,-32.13904123414383,Baseline,-0.2774232216708987,-2.5808560190626038,-3.164121591854785,-9.144294220731108,2,1.4961705558167808,1.2996611538888676,2004,"Binseg, CUSUM, PELT",3,0.8465608465608465,1.4961705558167808,increase,mixed
Республика Калмыкия,MA5,2961.034,3617.341328076857,16.72132866765386,25244.42612926325,25928.72500719164,83.88737532117541,-50.47132920354065,11268.32954296875,13771.890922792358,47.52222506367708,-13.520788801050086,6929.135162683096,7671.91981151681,34.533083368421,-3.50620733238018,9377.35346875,10058.504937504746,43.84810263517214,-6.745865063076611,Baseline,-4.016788856225831,-1.8420124984209663,-1.0652116859124137,-1.6222857947881235,3,1.6309621209143812,1.2009780571542101,2005,"Binseg, CUSUM, PELT",3,0.9047619047619048,1.6309621209143812,increase,trend_reversal
Республика Карелия,Naive,39139.99875,40302.59019754797,51.415782210029406,34828.09512790389,35722.860453165486,44.4910892767662,-12.81694221961554,8874.1429375,12198.619372504789,11.78252289834932,-0.6111680763048304,39303.25068760842,39978.04586698221,51.8701464847226,-16.304641686665402,39944.297234375,41330.05654170056,52.74806974826356,-17.49487865003248,XGBoost,0.13468029923139901,0.7708384003530542,-0.0088370584898846,-0.02591203480658654,3,1.2761153045205402,1.191991998192108,2004,"Binseg, CUSUM",2,0.564373897707231,1.2761153045205402,increase,mixed
Республика Коми,MA3,10887.49491666667,12911.852503239914,8.053007864519705,12696.280139002129,14817.43202261968,9.40326627440816,-0.3171370433858878,15447.5091875,16745.11786820047,11.329934840885972,-0.6821375081823833,85131.23139805056,85542.03884144241,48.892768322931445,-42.897953226762034,33750.8814375,40226.75540350061,29.08896195310933,-8.707671833891414,Baseline,-0.16767131394934848,-0.40691962947210025,-5.071367263696009,-2.612185961132704,2,1.8665548872986693,1.4654595829877186,2004,"Binseg, CUSUM, PELT",3,0.8465608465608465,1.8665548872986693,increase,mixed
Республика Крым,MA3,50911.85725,53984.919186043575,21.823328711721924,,,,,40048.630187500006,42104.08899043014,17.370056789831796,0.3913537898203022,,,,,,,,,XGBoost,,0.2040601587739523,,,1,1.3015472218377966,1.3015472218377966,2016,"Binseg, PELT",2,0.6349206349206349,1.3015472218377966,increase,mixed
Республика Марий Эл,Naive,11013.16875,12867.30155231324,25.52877976337916,11013.16875,12867.30155231324,25.52877976337916,-2.7393080561685226,2842.5548984375,4700.402508000704,6.0746481398602885,0.5010162692004156,4589.939638654285,5244.931725331286,9.723647564637592,0.3787077079374306,17422.5646640625,19586.571571734738,44.54776532258,-7.664293090005241,XGBoost,0.0,0.7620470623286771,0.6191103666229245,-0.7450017484377938,2,1.6416630784742496,1.4375213258157666,2004,"Binseg, CUSUM, PELT",3,0.8465608465608465,1.6416630784742496,increase,mixed
Республика Мордовия,MA5,15936.631050000004,20134.02296260841,24.532515662505457,22049.908472510884,26328.528050865138,36.58353897277007,-2.8216455924976787,5072.578531249999,7050.289046232739,7.822988291106577,0.725961807055604,9545.718904393369,10620.91806308403,14.432745477037956,0.378098839928574,30495.67190625,36195.12334626099,55.84213037571637,-6.222663337771406,XGBoost,-0.49122656135436327,0.6811175666316632,0.4116891363450181,-1.2762496575540077,2,1.1757165793126347,1.0578907829838957,2006,"Binseg, PELT",2,0.5679012345679012,1.1757165793126347,increase,mixed
Республика Саха (Якутия),MA3,289107.5444166666,323994.08328117296,53.70910753160045,439131.2474749839,464450.1397513291,98.3626120885747,-9.08527725565535,156839.5815,168003.04544738462,27.719350285619644,-0.3196050077393149,235315.353873856,266567.2917539128,41.12885040996181,-2.3221815772070484,501623.360796875,532428.0708770093,121.1613516695218,-12.253529072221095,XGBoost,-0.8313953928707861,0.48389851256957483,0.23422949476933475,-1.2558809341271393,3,1.471454693366244,1.2289744877762345,2021,"Binseg, CUSUM",2,0.6172839506172839,1.471454693366244,increase,trend_reversal
Республика Северная Осетия — Алания,MA3,11718.379833333329,12979.99700695474,29.887559705519823,13325.302500503269,14388.24891275453,34.86898186880081,-5.643850936972498,2350.597253906249,2968.375648763975,6.044571259097209,0.7172245413118409,4723.662994776101,5443.215659195698,10.806956162848586,0.0491432850411617,18087.22420703125,19777.65697432576,50.98042536872096,-11.553177667706535,XGBoost,-0.1666720940873933,0.7977562799153235,0.6384128958894999,-0.7057406449716124,3,0.9668881055178832,0.9083501545986982,2006,"Binseg, PELT",2,0.5679012345679012,0.9668881055178832,increase,mixed
Республика Татарстан,MA5,416298.30845,503660.4808254682,45.152252782450894,462104.0647020619,548701.4970469759,51.98085243775697,-2.746109712239388,154408.079125,167615.64424406993,15.693556650208528,0.6504274653577249,263076.1226070713,329162.80316001904,25.421832208949525,-0.348123584533929,532816.2509999999,632326.4796840146,63.19337152122775,-3.974975428926612,XGBoost,-0.15123497133591787,0.6524302624318212,0.43697533030223235,-0.3995618740376297,2,1.8987157760163849,1.423374846317248,2004,"Binseg, CUSUM, PELT",3,0.8465608465608465,1.8987157760163849,increase,mixed
Республика Тыва,Naive,10213.179499999998,12832.49480275254,39.71882843896327,10213.179499999998,12832.49480275254,39.71882843896327,-0.6022384223724979,6083.03780078125,6697.035520080322,25.08655667392902,0.563614659634785,8811.056098883791,11169.082756050417,33.29149572975165,-0.213779967797739,12484.877400390626,15591.050876604124,51.34262346718372,-1.365133859169862,XGBoost,0.0,0.36839635860659786,0.1618208029244526,-0.2926520112767921,2,1.4063544416641212,1.1376267322921207,2008,"Binseg, PELT",2,0.6631393298059964,1.4063544416641212,increase,mixed
Республика Хакасия,Naive,22832.68525,24047.257298666,48.561552381875295,27617.808215575547,29096.844163135363,62.11698642951548,-13.868988412237943,4936.2320546875,6679.042722958324,10.322330573163612,0.2165377241037841,14065.492610603978,15159.387510836656,27.101758778206925,-3.036016716289517,26617.341371093757,28077.79973193552,59.15051939441983,-12.845727852236816,XGBoost,-0.27913922399028374,0.7874382084824737,0.44190913492456313,-0.21805248170972133,3,1.9615294396052247,1.4630790482581737,2004,"Binseg, CUSUM, PELT",3,0.8465608465608465,1.9615294396052247,increase,mixed
Ростовская область,Naive,228790.07875,263192.0616130158,48.40320842616042,228790.07875,263192.0616130158,48.40320842616042,-3.0927268363594544,81582.722875,99906.8747193393,17.144260423453545,0.4102635998063365,167281.04266546702,200842.4393610094,32.42906736075729,-1.383296977981678,270624.58225,311050.4642061962,60.54868607865808,-4.716482718164926,XGBoost,0.0,0.645803222949419,0.3300223597733577,-0.25092298728555795,2,1.471268309860497,1.3515883500056178,2005,"Binseg, CUSUM, PELT",3,0.9047619047619048,1.471268309860497,increase,mixed
Рязанская область,MA3,36234.89033333333,41871.2974751285,41.28936397803445,45201.050539428805,50850.94881580406,55.027788556753855,-4.87368055798404,12256.0015625,15157.554383322476,12.4883969968395,0.4781202179725439,19215.770193191453,25101.00909656197,19.0310101306145,-0.4311810075524913,48687.909765625,55051.06769852181,60.784015077870656,-5.884044910106663,XGBoost,-0.3327351950983821,0.6975396132649753,0.539082022655064,-0.47214704276401964,1,1.7646878613631902,1.7646878613631902,2003,"Binseg, CUSUM, PELT",3,0.9047619047619048,1.7646878613631902,increase,mixed
Самарская область,Naive,174484.68225,187604.63317119755,42.87294164859476,174484.68225,187604.63317119755,42.87294164859476,-6.408652062459971,44967.969875,52455.19375191236,11.04873037101017,0.4207993097100679,108142.52992948129,119410.0562238576,24.24010120482558,-2.001469160502197,199917.157375,216520.38515397,50.88385350454425,-8.86846628427919,XGBoost,0.0,0.7422912926859473,0.43460606450782,-0.18685239565809125,2,1.3711772649327507,1.0878096784884739,2005,"Binseg, CUSUM, PELT",3,0.9047619047619048,1.3711772649327507,increase,mixed
Санкт-Петербург,MA3,401439.7889999999,467288.0944907558,38.29994691685984,426816.8798483692,489182.7331315548,41.41588056004954,-3.183250518833473,166680.42625000002,204590.98069627173,13.793941001578895,0.2682805429218264,298244.1370036807,355645.6735513997,26.675998410636986,-1.21109139762123,524974.826125,596002.4903360675,54.11380528992022,-5.209659461046431,XGBoost,-0.0813560825542045,0.639844383295823,0.3034977706746097,-0.4128950467578596,3,1.036011319729205,0.9800356355442341,2006,"Binseg, PELT",2,0.5679012345679012,1.036011319729205,increase,mixed
Саратовская область,Naive,79305.78025,98000.24797777335,35.13148256945547,76973.47084763506,95931.12025279112,33.81208381191593,-1.7764024969718326,22993.377781250005,32381.13659178011,9.871412413469196,0.6836647628674406,52701.71641725635,66463.81576775799,21.444713564118928,-0.3327047212863234,76480.337625,95788.71492336017,33.52501119221839,-1.768165731810603,XGBoost,0.03755602271925379,0.7190152054086171,0.38958700300443044,0.04572740060317864,1,1.4659815049770686,1.4659815049770686,2004,"Binseg, CUSUM, PELT",3,0.8465608465608465,1.4659815049770686,increase,mixed
Сахалинская область,MA3,60123.10558333331,73686.4997217032,21.723325882432786,62964.32145357526,76022.48478155052,22.92968678276729,-2.184406112718365,76459.23553125,95977.40056877774,20.77539845374036,-4.075540470962856,26306.75707723059,30390.586112053064,8.920785499679837,0.49111168342687,84014.66521875,102255.83825685074,32.34346313522883,-4.761300856161984,Prophet,-0.05553297441024283,0.04363638578285075,0.5893453171968526,-0.4888817352495888,2,1.1447726616944611,1.048784261162126,2003,"Binseg, CUSUM, PELT",3,0.9047619047619048,1.1447726616944611,decrease,mixed
Свердловская область,Naive,231975.3295,291299.5768985433,39.15397368280777,221632.955437452,279500.59803162655,36.903311436039495,-1.51653709717002,78866.7406875,93345.22834875205,13.284394448127273,0.7193131292164106,173545.4547154433,214041.8495442301,27.500686994420462,-0.4758262954728682,263840.693625,329083.58435281314,46.42810982315636,-2.488592894357428,XGBoost,0.057482345597951956,0.6607140170306557,0.2976271778387638,-0.18578283265135404,2,1.269803489704899,1.1165820935331803,2006,"Binseg, PELT",2,0.5679012345679012,1.269803489704899,increase,mixed
Севастополь,MA3,49812.957,56759.64107720128,71.38408536650186,,,,,18719.311820312498,30510.05013023995,27.00096210902635,-0.2573689766872935,,,,,,,,,XGBoost,,0.6217509551267993,,,2,1.7966764581180297,1.4652544830014045,2016,"Binseg, PELT",2,0.6349206349206349,1.7966764581180297,increase,strong_jump
Смоленская область,MA3,17504.96816666667,23641.14102038272,20.768829041861387,20130.092,26424.515886401943,24.590158069262,-1.3828429504566642,9726.012734375005,12124.84384162928,11.86989531912922,0.4983120747182827,12619.912955999993,13499.138857505552,14.9184859806765,0.3781387865451873,26787.951132812497,33553.68331536517,34.99476709187627,-2.84203877118181,XGBoost,-0.18399347501481136,0.4284754669989141,0.28168863296977453,-0.6849658216811965,2,1.9044933046409005,1.2642006646996593,2007,"Binseg, PELT",2,0.6313932980599647,1.9044933046409005,increase,strong_jump
Ставропольский край,Naive,84914.64974999998,98692.60949319549,29.47250232524354,19751.75527966387,22916.89992414986,5.997792712925206,0.7923953976136727,27461.03615625,29170.90203287553,8.826672898384357,0.663624033849762,97810.25353092964,105208.40631045448,35.2526992566974,-3.375484247796175,72368.50881249999,87173.77390908006,24.37022583294558,-2.0039793039901714,ARIMA,0.7964953010526009,0.7005115887013024,-0.19612168887685702,0.17311989446949,3,1.3398217887971682,1.105362852781542,2007,"Binseg, PELT",2,0.6313932980599647,1.3398217887971682,increase,mixed
Тамбовская область,MA3,7418.867749999998,8405.824225048258,8.42585918992015,13011.51825,15236.968066948268,15.576438280253878,-2.693040988919997,3462.9282968749976,4047.5267161049655,4.060600970626157,0.7394047704707032,48690.34577797298,48729.15416309735,43.66096914286141,-36.771545839880616,53253.0785390625,57464.43158313232,89.09450222266062,-51.52732003778575,XGBoost,-0.848646877328304,0.5180787051979397,-4.181782434139535,-9.573936759973906,3,1.5471150715726767,1.2636014748617805,2003,"Binseg, CUSUM",2,0.6031746031746031,1.5471150715726767,increase,strong_jump
Тверская область,MA3,36273.2915,50104.25354955388,28.948995276855893,40662.64672109679,56248.18534108936,33.614733823398666,-1.106118852008625,20460.079375,28882.978173641317,15.721029307300368,0.4446717233979661,31430.539033534355,33805.44244351242,25.50756507857933,0.2392550251289473,50976.546390625,67667.76504149573,45.64030874709791,-2.0481020916924324,XGBoost,-0.16117100099404597,0.45694041686244646,0.11887908942483796,-0.5765766069120323,2,1.551279453481373,1.5363359376297918,2007,"Binseg, PELT",2,0.6313932980599647,1.551279453481373,increase,trend_reversal
Томская область,Naive,39851.6425,49403.600806608665,30.491573563032727,47002.56098614454,56801.258346593466,37.4481934995001,-2.7843365962078725,17776.237609375003,21631.759040152145,12.703666814027226,0.4511451365466188,20363.448730197888,23850.52451802684,14.272034505306069,0.3327789911154365,48857.714171875006,59272.05547254288,39.31813852555476,-3.120726780348554,XGBoost,-0.22814893177246243,0.5833712291769404,0.5319351270670677,-0.2894755478681872,2,2.102452947310536,1.382730144961694,2006,"Binseg, PELT",2,0.5679012345679012,2.102452947310536,increase,trend_reversal
Тульская область,MA3,68853.33783333332,76377.48132989541,34.778056156456536,119545.19333683522,124296.51307138005,70.74859485067836,-13.138457616166251,22147.25975,25163.229442616772,11.0235542134338,0.4205487572629403,47112.00496210288,52559.72537890713,22.34940834121064,-1.5280771205139685,133784.9863125,141419.165123734,82.79953853529908,-17.302089782824815,XGBoost,-1.034288360810065,0.6830313297602955,0.357370399292386,-1.3807983448760799,3,1.5287106436342044,1.01496527310061,2007,"Binseg, PELT",2,0.6313932980599647,1.5287106436342044,increase,strong_jump
Тюменская область (без автономных округов),MA3,68311.85433333335,76519.1756238607,20.66102101399085,,,,,65393.08646874999,76541.98520580865,21.181317420653123,-0.1388097938230694,42653.197187952006,58792.11175973819,13.18939824063431,0.3281228530263449,,,,,Prophet,,-0.025182511856986504,0.36162892280575315,,2,1.1821459374322705,1.0798061251481732,2021,"Binseg, PELT",2,0.6172839506172839,1.1821459374322705,decrease,trend_reversal
Удмуртская Республика,Naive,45300.02975000001,58606.01074129329,28.954403471181628,36278.23608538896,50178.91062925589,22.00983518552147,-0.8211879285851524,17079.293562500003,20061.852729323164,9.989409256043414,0.7088918383604397,38619.4405277701,49556.04325613369,23.95505743066054,-0.7762559773111306,52336.17646875,68176.39236279472,34.66505733106009,-2.361865529700885,XGBoost,0.2398449787636654,0.6549951627915286,0.17266271935102886,-0.1972292009249055,3,0.9956304785707912,0.8375498143857042,2004,"CUSUM, PELT",2,0.564373897707231,0.9956304785707912,increase,mixed
Ульяновская область,Naive,34999.7755,38838.23713812408,34.192690391224154,34999.7755,38838.23713812408,34.192690391224154,-4.32208509939262,10533.354593749998,11271.73827088424,9.609465661584071,0.5517249288171415,9373.844104558226,14031.465754155832,7.605921558950682,0.3053454613125178,45368.196390625,49893.662190733055,47.08679501830086,-7.78321595359516,Prophet,0.0,0.7189614051531195,0.7775570897777963,-0.37710120144234366,2,1.483405908197939,1.2640655492973125,2006,"Binseg, PELT",2,0.5679012345679012,1.483405908197939,increase,strong_jump
Хабаровский край,Naive,155426.02675000002,216183.33880804147,40.405671848387,106590.22462166888,132743.46009119984,25.99465775606659,0.219557224850851,93988.33996875,119836.7377154297,22.733551899281757,0.3639448803184871,179568.27771129186,227831.32174064053,50.50561211302402,-1.2990142139515817,135011.5079375,193436.25058636843,33.30596950404768,-0.6572595417132996,XGBoost,0.35665819755192857,0.4373673086148849,-0.24996342846456618,0.1757105381387871,3,1.3409564390346205,1.224058343079037,2007,"Binseg, PELT",2,0.6313932980599647,1.3409564390346205,increase,mixed
Ханты-Мансийский автономный округ — Югра,Naive,408494.1145,478474.2466479373,31.91350285922441,320509.6229953022,385375.1055357979,23.86786935227536,-1.3926789376986712,422472.936375,479106.3683471711,32.26061401375593,-2.698120008668445,264801.838179442,314176.69886692544,19.203051281052304,-0.5902487305125046,431250.04575,501297.0260386281,34.103637653378584,-3.048623294455452,Prophet,0.252107502659286,-0.01087662348012004,0.39827817191487724,-0.06862721412360193,2,1.965178743056274,1.4485299476551898,2005,"Binseg, CUSUM, PELT",3,0.9047619047619048,1.965178743056274,increase,mixed
Челябинская область,Naive,101567.04825000002,131775.13887692176,25.09509307923359,96169.84050754285,126936.54352320144,23.480561701632865,-1.285897732747376,57772.11350000001,63849.49634838844,14.419781903127014,0.4216397830636962,92642.87129591202,115186.51584182624,22.63270059986784,-0.882290906565049,129793.39475,161981.96492217708,33.9057338097026,-2.7223464004299225,XGBoost,0.0643365367286389,0.4253943646433609,0.09812246846788553,-0.35109017936896586,3,1.2905002333082276,1.087349061277578,2018,"Binseg, PELT",2,0.6349206349206349,1.2905002333082276,increase,trend_reversal
Чеченская Республика,MA3,63924.32325,77437.5351232179,52.67435930606774,56356.29289704126,69169.22853334184,44.39568826588446,-1.5045807123989228,22247.904765625,25056.70156136932,16.71935967396226,0.6713323430945046,50140.40212049439,62625.86163165383,37.97128986067702,-1.0531306967108502,69876.46184375,84388.3888316793,59.56305431514719,-2.727988453749484,XGBoost,0.15716700021123245,0.6825901654196997,0.27913143394792134,-0.13077890457199953,2,2.107738858122836,1.7049481765061518,2004,"Binseg, CUSUM, PELT",3,0.8465608465608465,2.107738858122836,increase,strong_jump
Чувашская Республика,MA3,36375.659083333325,42103.473416454566,43.889732342736345,39753.57575,45053.97523964111,49.366346035532985,-3.515679459456164,25453.145929687496,30373.992381726788,24.62373826147281,-1.0523935149495167,23683.528983022967,27728.52818837377,26.049993105193924,-0.7104505011350359,52647.062921875,58242.29183341751,72.69622681572223,-6.546295138227553,XGBoost,-0.12478120508982798,0.4389635810675436,0.40646725977345494,-0.6563378935199475,3,1.4121131590964224,1.2340731306940693,2021,"Binseg, CUSUM, PELT",3,0.925925925925926,1.4121131590964224,increase,trend_reversal
Чукотский автономный округ,Naive,48873.9065,52337.95340003406,83.72820402656514,48873.9065,52337.95340003406,83.72820402656514,-6.813008618188994,9885.343937499998,11529.104658600418,15.963043581933054,0.6208806123163966,56792.26968672781,59479.60275784616,106.27577098709122,-9.090691986365162,62877.51825390625,66338.62594490536,124.32601255466952,-11.552140005666711,XGBoost,0.0,0.8093468769870148,-0.2692947642036157,-0.48487614179833094,1,1.094326875631921,1.094326875631921,2018,"Binseg, PELT",2,0.6349206349206349,1.094326875631921,increase,trend_reversal
Ямало-Ненецкий автономный округ,MA5,398361.16930000007,437436.3489623224,31.61913959807944,430533.4105,466923.9292906125,34.7104493933665,-5.675598407180956,356853.593625,375237.7820067405,28.120771309910232,-3.3113279506300666,185522.6005820898,219029.72693470737,13.240656383238251,-0.4689400189858821,566888.687375,611636.9977130311,48.75368564924729,-10.454745246906777,Prophet,-0.09776704346106974,0.11064084388879764,0.5812455192790099,-0.5419042475212896,1,1.5381305674924932,1.5381305674924932,2005,"Binseg, CUSUM, PELT",3,0.9047619047619048,1.5381305674924932,decrease,mixed
Ярославская область,Naive,42618.182250000005,49758.80542096883,35.450104292351355,41291.75322497849,48382.21231080384,34.10270217216798,-2.5487183709192696,16653.857484375003,19157.34531527573,12.604519999755126,0.4436209814399691,20503.88427600127,29446.34389315209,14.723065729043562,-0.3145068344569439,44727.162421875,52339.67515633872,37.61120885531315,-3.1530019471400497,XGBoost,0.038008410612041216,0.6444433591560786,0.5846820193355488,-0.060961867562913545,2,1.9382672701863628,1.3275797078463307,2003,"Binseg, CUSUM, PELT",3,0.9047619047619048,1.9382672701863628,increase,mixed
