region,year,actual,prediction
Алтайский край,2021,124875.816,143032.98
Амурская область,2021,412200.776,363234.7
Архангельская область (без автономного округа),2021,105812.87,108860.36
Астраханская область,2021,115484.02,122588.836
Белгородская область,2021,168772.373,185129.83
Брянская область,2021,83717.869,79328.28
Владимирская область,2021,102361.057,96228.61
Волгоградская область,2021,186115.882,193839.77
Вологодская область,2021,206986.8,223101.52
Воронежская область,2021,285010.239,262296.16
Еврейская автономная область,2021,16827.403,19197.463
Забайкальский край,2021,163401.063,140334.92
Ивановская область,2021,45269.226,54052.883
Иркутская область,2021,516288.845,407058.3
Кабардино-Балкарская Республика,2021,48578.787,55177.36
Калининградская область,2021,102299.634,123065.375
Калужская область,2021,132591.976,120461.89
Камчатский край,2021,78471.338,60017.984
Карачаево-Черкесская Республика,2021,32340.805,26975.025
Кемеровская область,2021,340021.712,289550.16
Кировская область,2021,77176.513,72229.36
Костромская область,2021,45063.086,30732.88
Краснодарский край,2021,558589.637,547870.75
Красноярский край,2021,592070.61,511688.72
Курганская область,2021,47180.247,52114.734
Курская область,2021,193789.794,139120.7
Ленинградская область,2021,431975.984,479937.9
Липецкая область,2021,179400.0,187829.83
Магаданская область,2021,75193.369,54490.965
Москва,2021,4868342.125,3.3670302e+06
Московская область,2021,1182601.529,1.00527456e+06
Мурманская область,2021,261433.469,203783.97
Ненецкий автономный округ,2021,74829.79,91811.16
Нижегородская область,2021,384491.118,364753.25
Новгородская область,2021,47029.3,52689.13
Новосибирская область,2021,331104.558,286855.47
Омская область,2021,191473.472,203535.67
Оренбургская область,2021,201912.543,202385.33
Орловская область,2021,58814.961,53999.406
Пензенская область,2021,97902.251,94404.87
Пермский край,2021,307972.875,290455.97
Приморский край,2021,253355.638,245047.5
Псковская область,2021,47610.368,41150.727
Республика Адыгея,2021,35878.097,44275.254
Республика Алтай,2021,14703.846,17702.97
Республика Башкортостан,2021,422571.607,401135.78
Республика Бурятия,2021,72843.354,73005.38
Республика Дагестан,2021,257188.322,307942.03
Республика Ингушетия,2021,21571.72,23747.42
Республика Калмыкия,2021,17841.572,42731.926
Республика Карелия,2021,78686.901,55799.83
Республика Коми,2021,127664.666,144322.66
Республика Крым,2021,164060.322,203679.9
Республика Марий Эл,2021,38255.592,37771.703
Республика Мордовия,2021,50775.468,51872.31
Республика Саха (Якутия),2021,414796.814,287941.53
Республика Северная Осетия — Алания,2021,35785.53,32741.87
Республика Татарстан,2021,689232.352,629975.56
Республика Тыва,2021,14612.41,22605.025
Республика Хакасия,2021,49918.474,37537.945
Ростовская область,2021,393753.172,323612.16
Рязанская область,2021,75730.437,65716.6
Самарская область,2021,386809.06,310160.0
Санкт-Петербург,2021,896715.831,962596.7
Саратовская область,2021,173755.24,183580.55
Сахалинская область,2021,241353.939,226411.08
Свердловская область,2021,420242.859,429857.1
Севастополь,2021,40545.949,33155.773
Смоленская область,2021,71255.813,72821.84
Ставропольский край,2021,254163.851,242254.5
Тамбовская область,2021,79396.717,83531.7
Тверская область,2021,87064.102,88926.64
Томская область,2021,107763.975,102164.84
Тульская область,2021,182405.476,147069.42
Тюменская область (без автономных округов),2021,235569.611,305918.66
Удмуртская Республика,2021,125354.258,132823.92
Ульяновская область,2021,98322.291,87512.88
Хабаровский край,2021,246365.704,262808.16
Ханты-Мансийский автономный округ — Югра,2021,1056855.855,959523.25
Челябинская область,2021,326631.03,313800.66
Чеченская Республика,2021,83282.329,86145.06
Чувашская Республика,2021,63872.138,59878.676
Чукотский автономный округ,2021,50752.848,37169.492
Ямало-Ненецкий автономный округ,2021,1147020.059,989412.75
Ярославская область,2021,111392.657,94331.98
Алтайский край,2022,146080.995,143340.06
Амурская область,2022,488038.236,397288.88
Архангельская область (без автономного округа),2022,108904.893,109178.766
Астраханская область,2022,87352.369,123070.51
Белгородская область,2022,196747.623,183327.3
Брянская область,2022,90963.822,90189.03
Владимирская область,2022,184392.079,102078.28
Волгоградская область,2022,219917.443,196954.67
Вологодская область,2022,175148.019,220077.28
Воронежская область,2022,344142.907,305626.94
Еврейская автономная область,2022,20900.932,19614.904
Забайкальский край,2022,187252.068,176644.33
Ивановская область,2022,62133.22,53812.086
Иркутская область,2022,845789.975,535768.2
Кабардино-Балкарская Республика,2022,58672.49,53940.805
Калининградская область,2022,122427.501,103131.72
Калужская область,2022,143758.893,140479.62
Камчатский край,2022,94667.854,81821.02
Карачаево-Черкесская Республика,2022,35412.962,32742.596
Кемеровская область,2022,375379.233,354986.44
Кировская область,2022,90409.624,84410.05
Костромская область,2022,37933.435,51484.598
Краснодарский край,2022,753059.074,671672.94
Красноярский край,2022,751962.237,649372.4
Курганская область,2022,56058.8,52583.516
Курская область,2022,203145.301,202266.73
Ленинградская область,2022,567274.436,417523.66
Липецкая область,2022,166200.0,188503.03
Магаданская область,2022,81501.917,82250.76
Москва,2022,6047454.874,3.1735078e+06
Московская область,2022,1376014.656,865123.44
Мурманская область,2022,263643.151,275922.6
Ненецкий автономный округ,2022,85906.725,79720.55
Нижегородская область,2022,467617.439,407410.97
Новгородская область,2022,57949.856,50579.652
Новосибирская область,2022,343349.004,318300.4
Омская область,2022,194430.759,201806.6
Оренбургская область,2022,241654.653,202811.9
Орловская область,2022,60475.209,59452.902
Пензенская область,2022,105671.018,100400.36
Пермский край,2022,378356.578,303167.03
Приморский край,2022,321001.004,268778.44
Псковская область,2022,42880.35,51320.855
Республика Адыгея,2022,46656.481,39558.723
Республика Алтай,2022,32022.69,17432.436
Республика Башкортостан,2022,519533.643,414602.7
Республика Бурятия,2022,110065.636,78119.39
Республика Дагестан,2022,302274.798,282410.3
Республика Ингушетия,2022,21737.174,27705.912
Республика Калмыкия,2022,15816.436,22576.78
Республика Карелия,2022,96501.202,88948.08
Республика Коми,2022,119998.391,143321.16
Республика Крым,2022,214575.249,185075.5
Республика Марий Эл,2022,42491.319,41670.91
Республика Мордовия,2022,59855.829,55359.07
Республика Саха (Якутия),2022,645672.637,423180.78
Республика Северная Осетия — Алания,2022,43161.568,38253.316
Республика Татарстан,2022,888648.777,735588.56
Республика Тыва,2022,22782.028,17432.436
Республика Хакасия,2022,51700.995,53836.266
Ростовская область,2022,470545.907,398281.25
Рязанская область,2022,92430.663,83195.05
Самарская область,2022,453920.257,407015.9
Санкт-Петербург,2022,1050123.161,1.0145262e+06
Саратовская область,2022,208564.673,189991.73
Сахалинская область,2022,269386.05,246462.66
Свердловская область,2022,569580.103,419245.44
Севастополь,2022,104715.935,44393.09
Смоленская область,2022,66401.347,77179.36
Ставропольский край,2022,286449.028,259665.64
Тамбовская область,2022,81328.812,87828.49
Тверская область,2022,89035.732,88802.0
Томская область,2022,123553.327,104471.77
Тульская область,2022,212314.938,195271.8
Тюменская область (без автономных округов),2022,353203.535,233274.02
Удмуртская Республика,2022,144341.401,137610.4
Ульяновская область,2022,106501.143,101636.5
Хабаровский край,2022,281415.767,255257.05
Ханты-Мансийский автономный округ — Югра,2022,1328036.703,946686.8
Челябинская область,2022,373241.299,306394.9
Чеченская Республика,2022,118560.284,89048.33
Чувашская Республика,2022,98862.809,70214.37
Чукотский автономный округ,2022,81379.434,64533.97
Ямало-Ненецкий автономный округ,2022,1417860.003,1.0181279e+06
Ярославская область,2022,116594.188,121937.71
Алтайский край,2023,185655.0,148648.02
Амурская область,2023,745544.0,516682.56
Архангельская область (без автономного округа),2023,119660.0,103749.34
Астраханская область,2023,89373.0,93956.42
Белгородская область,2023,212189.0,210407.28
Брянская область,2023,95255.0,96632.29
Владимирская область,2023,181773.0,203776.61
Волгоградская область,2023,291397.0,232081.0
Вологодская область,2023,170103.0,188708.95
Воронежская область,2023,374112.0,352914.88
Еврейская автономная область,2023,31033.0,24224.354
Забайкальский край,2023,305309.0,199978.5
Ивановская область,2023,69560.0,65840.53
Иркутская область,2023,910224.0,1.2806985e+06
Кабардино-Балкарская Республика,2023,68303.0,62632.074
Калининградская область,2023,185528.0,140245.42
Калужская область,2023,129932.0,145032.45
Камчатский край,2023,135940.0,95794.64
Карачаево-Черкесская Республика,2023,34710.0,38589.734
Кемеровская область,2023,414429.0,366946.03
Кировская область,2023,111779.0,96058.34
Костромская область,2023,48017.0,42615.22
Краснодарский край,2023,869790.0,855060.1
Красноярский край,2023,926948.0,757631.75
Курганская область,2023,71460.0,59791.273
Курская область,2023,232824.0,208888.64
Ленинградская область,2023,739252.0,622698.8
Липецкая область,2023,187205.0,180613.27
Магаданская область,2023,90097.0,89160.59
Москва,2023,7154321.0,3.023655e+06
Московская область,2023,1658654.0,969058.2
Мурманская область,2023,271006.0,277023.97
Ненецкий автономный округ,2023,86428.0,85323.05
Нижегородская область,2023,664499.0,489669.53
Новгородская область,2023,75984.0,60815.8
Новосибирская область,2023,391356.0,363256.0
Омская область,2023,208399.0,201604.61
Оренбургская область,2023,293560.0,251002.47
Орловская область,2023,58726.0,60361.22
Пензенская область,2023,123173.0,101432.27
Пермский край,2023,481410.0,388570.78
Приморский край,2023,403855.0,327126.6
Псковская область,2023,47922.0,43412.62
Республика Адыгея,2023,59401.0,53409.82
Республика Алтай,2023,49028.0,33731.125
Республика Башкортостан,2023,643468.0,552302.0
Республика Бурятия,2023,167467.0,117355.44
Республика Дагестан,2023,350615.0,319868.8
Республика Ингушетия,2023,24251.0,27705.912
Республика Калмыкия,2023,13330.0,21334.482
Республика Карелия,2023,100184.0,103599.32
Республика Коми,2023,128434.0,133755.92
Республика Крым,2023,292948.0,231540.22
Республика Марий Эл,2023,51980.0,42657.137
Республика Мордовия,2023,74025.0,60785.73
Республика Саха (Якутия),2023,745554.0,672351.5
Республика Северная Осетия — Алания,2023,45157.0,43784.355
Республика Татарстан,2023,1180448.0,937164.2
Республика Тыва,2023,28919.0,27064.885
Республика Хакасия,2023,59377.0,54901.027
Ростовская область,2023,645792.0,473612.97
Рязанская область,2023,102479.0,99636.85
Самарская область,2023,522714.0,468620.16
Санкт-Петербург,2023,1279472.0,1.029038e+06
Саратовская область,2023,286540.0,225326.58
Сахалинская область,2023,305841.0,449668.34
Свердловская область,2023,707737.0,635785.2
Севастополь,2023,104229.0,99175.625
Смоленская область,2023,94292.0,73372.875
Ставропольский край,2023,344690.0,306533.38
Тамбовская область,2023,91364.0,89044.41
Тверская область,2023,141310.0,92667.984
Томская область,2023,148598.0,139504.47
Тульская область,2023,235052.0,229948.44
Тюменская область (без автономных округов),2023,356720.0,364427.47
Удмуртская Республика,2023,169047.0,146706.31
Ульяновская область,2023,118409.0,102208.52
Хабаровский край,2023,441725.0,296576.8
Ханты-Мансийский автономный округ — Югра,2023,1552284.0,824703.25
Челябинская область,2023,446087.0,360104.38
Чеченская Республика,2023,162505.0,130358.305
Чувашская Республика,2023,123536.0,104138.57
Чукотский автономный округ,2023,86973.0,94837.18
Ямало-Ненецкий автономный округ,2023,1473657.0,1.0446418e+06
Ярославская область,2023,136531.0,123674.15
Алтайский край,2024,233015.0,203883.3
Амурская область,2024,956122.0,797226.9
Архангельская область (без автономного округа),2024,110806.0,132201.78
Астраханская область,2024,115767.0,100089.28
Белгородская область,2024,236308.0,226253.0
Брянская область,2024,118061.0,103024.305
Владимирская область,2024,143200.0,201605.78
Волгоградская область,2024,364603.0,312948.44
Вологодская область,2024,250377.0,186461.73
Воронежская область,2024,350087.0,376802.3
Еврейская автономная область,2024,33826.0,33974.812
Забайкальский край,2024,279288.0,316592.94
Ивановская область,2024,70203.0,76981.94
Иркутская область,2024,998764.0,835177.9
Кабардино-Балкарская Республика,2024,79283.0,74472.805
Калининградская область,2024,181861.0,199607.83
Калужская область,2024,144173.0,152751.11
Камчатский край,2024,104324.0,146539.05
Карачаево-Черкесская Республика,2024,36581.0,37489.94
Кемеровская область,2024,434437.0,411117.6
Кировская область,2024,139226.0,124524.375
Костромская область,2024,44406.0,54514.234
Краснодарский край,2024,1119624.0,1.0055446e+06
Красноярский край,2024,1089874.0,923882.1
Курганская область,2024,84265.0,75609.375
Курская область,2024,260615.0,244847.8
Ленинградская область,2024,1110531.0,823439.94
Липецкая область,2024,261626.0,202679.61
Магаданская область,2024,100182.0,93210.88
Москва,2024,8118831.0,3.0291415e+06
Московская область,2024,1820021.0,2.0797759e+06
Мурманская область,2024,315243.0,336393.2
Ненецкий автономный округ,2024,109658.0,91349.91
Нижегородская область,2024,728171.0,737809.0
Новгородская область,2024,85616.0,88814.62
Новосибирская область,2024,590590.0,407501.03
Омская область,2024,226077.0,228821.86
Оренбургская область,2024,345632.0,317471.4
Орловская область,2024,65398.0,61215.004
Пензенская область,2024,138368.0,139948.2
Пермский край,2024,623985.0,478447.3
Приморский край,2024,425590.0,419982.1
Псковская область,2024,68496.0,56065.887
Республика Адыгея,2024,68917.0,65239.33
Республика Алтай,2024,53773.0,56037.062
Республика Башкортостан,2024,783798.0,693810.6
Республика Бурятия,2024,156141.0,186266.05
Республика Дагестан,2024,398583.0,369692.62
Республика Ингушетия,2024,18950.0,29638.303
Республика Калмыкия,2024,23149.0,17730.861
Республика Карелия,2024,103628.0,101986.945
Республика Коми,2024,154193.0,137705.64
Республика Крым,2024,289335.0,319002.4
Республика Марий Эл,2024,54462.0,53718.94
Республика Мордовия,2024,86073.0,84615.555
Республика Саха (Якутия),2024,795212.0,1.0000207e+06
Республика Северная Осетия — Алания,2024,51428.0,51505.832
Республика Татарстан,2024,1435078.0,1.2730465e+06
Республика Тыва,2024,42372.0,33236.17
Республика Хакасия,2024,69038.0,68284.84
Ростовская область,2024,717290.0,729036.2
Рязанская область,2024,133354.0,106421.59
Самарская область,2024,568597.0,570821.6
Санкт-Петербург,2024,1529463.0,1.2146531e+06
Саратовская область,2024,316675.0,314313.16
Сахалинская область,2024,355208.0,479351.34
Свердловская область,2024,898167.0,814600.75
Севастополь,2024,100932.0,103042.85
Смоленская область,2024,108474.0,102833.12
Ставропольский край,2024,383864.0,350869.22
Тамбовская область,2024,99037.0,98139.55
Тверская область,2024,179883.0,148780.97
Томская область,2024,185088.0,147757.27
Тульская область,2024,272922.0,241815.72
Тюменская область (без автономных округов),2024,436650.0,373063.7
Удмуртская Республика,2024,224310.0,192534.17
Ульяновская область,2024,142951.0,132692.11
Хабаровский край,2024,625635.0,437431.0
Ханты-Мансийский автономный округ — Югра,2024,1720949.0,2.2045775e+06
Челябинская область,2024,549102.0,483672.94
Чеченская Республика,2024,198826.0,174355.77
Чувашская Республика,2024,96177.0,145950.25
Чукотский автономный округ,2024,102293.0,103541.375
Ямало-Ненецкий автономный округ,2024,1650772.0,1.2097122e+06
Ярославская область,2024,176719.0,145364.62
