feature,importance
investments_lag1,0.22481795
investments_roll_mean_3,0.20686573
investments_log_lag1,0.1235718
retail_lag2,0.088498875
retail_lag1,0.08510068
investments_roll_std_3,0.060904276
investments_lag2,0.05272577
investments_roll_mean_5,0.025945382
retail_lag3,0.024994453
investments_lag3,0.02136504
income_lag2,0.014958189
housing_lag1,0.013934922
income_lag1,0.01252122
unemployment_lag2,0.008953078
income_lag3,0.0073960363
unemployment_lag1,0.005860658
unemployment_lag3,0.0049873553
population_lag1_lag1,0.004720766
housing_lag2,0.00467207
population_lag1_lag2,0.0027518428
housing_lag3,0.0022540938
population_lag1_lag3,0.0021997942
