year,investments_growth
2002,
2003,26.77101781554214
2004,29.014540769626507
2005,30.514617726740667
2006,30.10044269949217
2007,47.760688454084985
2008,31.240214683738632
2009,-10.348677130827056
2010,16.349536870826455
2011,20.70763860975573
2012,16.014831469538283
2013,7.120069022141617
2014,4.349607628886454
2015,-1.4153511159499144
2016,2.2258446915351504
2017,5.714257612093077
2018,7.863974495217851
2019,7.86637584814267
2020,4.3413254787189715
2021,7.956929632440191
2022,17.530530021499203
2023,16.885624960020394
2024,15.040512450685096
