year,investments,retail,income,unemployment,housing,population_lag1
2002,10412.73326329788,22084.376,2904.0,8.3,217.75,1284.4
2003,13655.22186523595,26419.814449999998,3742.5,8.899999999999999,235.5,1272.7
2004,16652.675873773125,31792.9879,4432.0,8.649999999999999,254.3,1261.4
2005,22466.0,39483.8,5621.0,7.75,269.6,1250.8
2006,29284.78656527807,49220.4,7199.5,7.1,326.7,1240.4
2007,44203.230218201104,64377.9,9015.5,6.4,418.7,1230.4
2008,55965.0,84392.2,11545.5,7.1,419.4,1220.0
2009,57377.0,88621.7,13193.5,8.8,450.4,1210.7
2010,59863.0,101592.6,14697.0,8.0,437.0,1211.2
2011,70308.0,116786.2,16059.64023670669,7.1,434.4,1204.8
2012,81665.0,132745.9,18522.644831509428,5.8,461.31,1199.8
2013,91046.0,149229.4,20063.837292303844,5.7,526.8,1197.1000000000001
2014,88541.0,165462.8,22057.003289702538,5.3,623.7,1194.5
2015,89042.0,179787.8,25001.607008424075,6.1,648.5,1191.7
2016,89462.277,188372.4,25379.834428733087,6.0,630.1,1188.9
2017,106578.202,194712.0,25933.09469233947,5.5,590.5,1185.3
2018,107316.188,200455.6,26421.490137523204,5.0,552.6,1179.7
2019,105780.533,211712.3,27738.823904015535,4.8,585.1,1171.5
2020,120463.135,216729.7,28716.44082562522,5.9,642.4,1163.3
2021,125354.258,246166.5,31209.56810109784,4.7,639.342,1155.1
2022,144341.401,267819.5,37285.0,3.7,689.791,1144.4
2023,170103.0,294369.3,42684.0,3.1,746.028,1133.6
2024,198826.0,349390.5,50738.0,2.4,735.136,1125.0
